score,mf_inputs,mf_output,lb_rmse,coverage_topK,rules_to_target,coverage_at_target,cum_cov_all
-1e+18,,,,,,,
-1e+18,,,,,,,
-1e+18,,,,,,,
-1e+18,,,,,,,
-1e+18,,,,,,,
-1e+18,,,,,,,
-1e+18,,,,,,,
-1e+18,,,,,,,
-1e+18,,,,,,,
-1e+18,,,,,,,
-1e+18,,,,,,,
-1e+18,,,,,,,
-1e+18,,,,,,,
-1e+18,,,,,,,
-1e+18,,,,,,,
-1e+18,,,,,,,
-1e+18,,,,,,,
-1e+18,,,,,,,
-1e+18,,,,,,,
-1e+18,,,,,,,
-1e+18,,,,,,,
-1e+18,,,,,,,
-1e+18,,,,,,,
-1e+18,,,,,,,
-1e+18,,,,,,,
-1e+18,,,,,,,
-1e+18,,,,,,,
-1e+18,,,,,,,
-1e+18,,,,,,,
-1e+18,,,,,,,
-1e+18,,,,,,,
-1e+18,,,,,,,
-1e+18,,,,,,,
-1e+18,,,,,,,
-1e+18,,,,,,,
-1e+18,,,,,,,
-1e+18,,,,,,,
-1e+18,,,,,,,
-1e+18,,,,,,,
-1e+18,,,,,,,
-1e+18,,,,,,,
-1e+18,,,,,,,
-1e+18,,,,,,,
-1e+18,,,,,,,
-1e+18,,,,,,,
-1e+18,,,,,,,
-1e+18,,,,,,,
-1e+18,,,,,,,
-1e+18,,,,,,,
-1e+18,,,,,,,
-1e+18,,,,,,,
-1e+18,,,,,,,
-1e+18,,,,,,,
-1e+18,,,,,,,
-1e+18,,,,,,,
-1e+18,,,,,,,
-1e+18,,,,,,,
-1e+18,,,,,,,
-1e+18,,,,,,,
-1e+18,,,,,,,
-49999848.15504455,"(6, 4, 4, 3, 3)",8.0,0.0,49.438202247191015,1000000000.0,49.438202247191015,49.438202247191015
-1e+18,,,,,,,
-1e+18,,,,,,,
-1e+18,,,,,,,
-1e+18,,,,,,,
-1e+18,,,,,,,
-1e+18,,,,,,,
-1e+18,,,,,,,
-1e+18,,,,,,,
-1e+18,,,,,,,
-1e+18,,,,,,,
-1e+18,,,,,,,
-1e+18,,,,,,,
-1e+18,,,,,,,
-1e+18,,,,,,,
-1e+18,,,,,,,
-1e+18,,,,,,,
-1e+18,,,,,,,
-1e+18,,,,,,,
-1e+18,,,,,,,
-1e+18,,,,,,,
-1e+18,,,,,,,
-1e+18,,,,,,,
-1e+18,,,,,,,
-1e+18,,,,,,,
-1e+18,,,,,,,
-1e+18,,,,,,,
-1e+18,,,,,,,
-1e+18,,,,,,,
-1e+18,,,,,,,
-1e+18,,,,,,,
-1e+18,,,,,,,
-1e+18,,,,,,,
-1e+18,,,,,,,
-1e+18,,,,,,,
-1e+18,,,,,,,
-1e+18,,,,,,,
-1e+18,,,,,,,
-1e+18,,,,,,,
-1e+18,,,,,,,
-1e+18,,,,,,,
-1e+18,,,,,,,
-1e+18,,,,,,,
-1e+18,,,,,,,
-1e+18,,,,,,,
-1e+18,,,,,,,
-1e+18,,,,,,,
-1e+18,,,,,,,
-1e+18,,,,,,,
-1e+18,,,,,,,
-1e+18,,,,,,,
-49999861.78095764,"(5, 3, 8, 3, 3)",8.0,0.0,43.82022471910113,1000000000.0,43.82022471910113,43.82022471910113
-1e+18,,,,,,,
-1e+18,,,,,,,
-1e+18,,,,,,,
-1e+18,,,,,,,
-1e+18,,,,,,,
-1e+18,,,,,,,
-1e+18,,,,,,,
-1e+18,,,,,,,
-1e+18,,,,,,,
-1e+18,,,,,,,
-1e+18,,,,,,,
-1e+18,,,,,,,
-1e+18,,,,,,,
-1e+18,,,,,,,
-1e+18,,,,,,,
-1e+18,,,,,,,
-1e+18,,,,,,,
-1e+18,,,,,,,
-1e+18,,,,,,,
-1e+18,,,,,,,
-1e+18,,,,,,,
-49999846.54689671,"(4, 4, 3, 3, 5)",4.0,0.0,50.0,1000000000.0,50.0,50.0
-1e+18,,,,,,,
-1e+18,,,,,,,
-1e+18,,,,,,,
-1e+18,,,,,,,
-1e+18,,,,,,,
-1e+18,,,,,,,
-1e+18,,,,,,,
-1e+18,,,,,,,
-1e+18,,,,,,,
-1e+18,,,,,,,
-1e+18,,,,,,,
-1e+18,,,,,,,
-1e+18,,,,,,,
-1e+18,,,,,,,
-1e+18,,,,,,,
-49999874.730544016,"(9, 5, 4, 3, 3)",6.0,0.0,38.764044943820224,1000000000.0,38.764044943820224,38.764044943820224
-1e+18,,,,,,,
-1e+18,,,,,,,
-1e+18,,,,,,,
-1e+18,,,,,,,
-1e+18,,,,,,,
-1e+18,,,,,,,
-1e+18,,,,,,,
-1e+18,,,,,,,
-1e+18,,,,,,,
-49999835.77212673,"(3, 5, 5, 3, 3)",5.0,0.0,53.37078651685393,1000000000.0,53.37078651685393,53.37078651685393
-1e+18,,,,,,,
-1e+18,,,,,,,
-1e+18,,,,,,,
-1e+18,,,,,,,
-1e+18,,,,,,,
-1e+18,,,,,,,
-1e+18,,,,,,,
-1e+18,,,,,,,
-1e+18,,,,,,,
-1e+18,,,,,,,
-1e+18,,,,,,,
-1e+18,,,,,,,
-1e+18,,,,,,,
-1e+18,,,,,,,
-1e+18,,,,,,,
-1e+18,,,,,,,
-1e+18,,,,,,,
-49999865.22814489,"(4, 5, 3, 4, 7)",9.0,0.0,42.69662921348315,1000000000.0,42.69662921348315,42.69662921348315
-1e+18,,,,,,,
-1e+18,,,,,,,
-1e+18,,,,,,,
-1e+18,,,,,,,
-1e+18,,,,,,,
-1e+18,,,,,,,
-1e+18,,,,,,,
-1e+18,,,,,,,
-1e+18,,,,,,,
-1e+18,,,,,,,
-1e+18,,,,,,,
-1e+18,,,,,,,
-1e+18,,,,,,,
-1e+18,,,,,,,
-1e+18,,,,,,,
-1e+18,,,,,,,
-1e+18,,,,,,,
-1e+18,,,,,,,
-1e+18,,,,,,,
-1e+18,,,,,,,
-1e+18,,,,,,,
-1e+18,,,,,,,
-1e+18,,,,,,,
-1e+18,,,,,,,
-1e+18,,,,,,,
-1e+18,,,,,,,
-1e+18,,,,,,,
-1e+18,,,,,,,
-1e+18,,,,,,,
-1e+18,,,,,,,
-1e+18,,,,,,,
-1e+18,,,,,,,
-1e+18,,,,,,,
-1e+18,,,,,,,
-1e+18,,,,,,,
-1e+18,,,,,,,
-1e+18,,,,,,,
-1e+18,,,,,,,
-1e+18,,,,,,,
-1e+18,,,,,,,
-1e+18,,,,,,,
-1e+18,,,,,,,
-49999858.95175492,"(4, 4, 6, 3, 5)",4.0,0.0,44.38202247191011,1000000000.0,44.38202247191011,44.38202247191011
-1e+18,,,,,,,
-1e+18,,,,,,,
-1e+18,,,,,,,
-1e+18,,,,,,,
-1e+18,,,,,,,
-1e+18,,,,,,,
-1e+18,,,,,,,
-1e+18,,,,,,,
-1e+18,,,,,,,
-1e+18,,,,,,,
-1e+18,,,,,,,
-1e+18,,,,,,,
-1e+18,,,,,,,
-1e+18,,,,,,,
-1e+18,,,,,,,
-1e+18,,,,,,,
-1e+18,,,,,,,
-1e+18,,,,,,,
-1e+18,,,,,,,
-1e+18,,,,,,,
-1e+18,,,,,,,
-1e+18,,,,,,,
-1e+18,,,,,,,
-1e+18,,,,,,,
-1e+18,,,,,,,
-1e+18,,,,,,,
-1e+18,,,,,,,
-1e+18,,,,,,,
-1e+18,,,,,,,
-1e+18,,,,,,,
-1e+18,,,,,,,
-1e+18,,,,,,,
-1e+18,,,,,,,
-1e+18,,,,,,,
-1e+18,,,,,,,
-1e+18,,,,,,,
-49999816.72384732,"(3, 3, 5, 4, 3)",3.0,0.0,60.67415730337079,1000000000.0,60.67415730337079,60.67415730337079
-1e+18,,,,,,,
-1e+18,,,,,,,
-1e+18,,,,,,,
-1e+18,,,,,,,
-1e+18,,,,,,,
-49999872.73847546,"(9, 3, 3, 4, 3)",9.0,0.0,39.8876404494382,1000000000.0,39.8876404494382,39.8876404494382
-1e+18,,,,,,,
-1e+18,,,,,,,
-1e+18,,,,,,,
-1e+18,,,,,,,
-1e+18,,,,,,,
-1e+18,,,,,,,
-1e+18,,,,,,,
-1e+18,,,,,,,
-1e+18,,,,,,,
-1e+18,,,,,,,
-49999865.10696557,"(3, 4, 5, 8, 4)",4.0,0.0,42.69662921348315,1000000000.0,42.69662921348315,42.69662921348315
-1e+18,,,,,,,
-1e+18,,,,,,,
-1e+18,,,,,,,
-49999793.840549536,"(3, 4, 3, 3, 4)",7.0,0.0,69.10112359550558,1000000000.0,69.10112359550558,69.10112359550558
-1e+18,,,,,,,
-1e+18,,,,,,,
-1e+18,,,,,,,
-1e+18,,,,,,,
-1e+18,,,,,,,
-1e+18,,,,,,,
-49999865.383494034,"(6, 5, 4, 3, 4)",5.0,0.0,42.69662921348315,1000000000.0,42.69662921348315,42.69662921348315
-1e+18,,,,,,,
-1e+18,,,,,,,
-1e+18,,,,,,,
-1e+18,,,,,,,
-1e+18,,,,,,,
-1e+18,,,,,,,
-1e+18,,,,,,,
-1e+18,,,,,,,
-1e+18,,,,,,,
-1e+18,,,,,,,
-1e+18,,,,,,,
-1e+18,,,,,,,
-1e+18,,,,,,,
-1e+18,,,,,,,
-49999848.338135175,"(3, 3, 3, 8, 4)",4.0,0.0,48.87640449438202,1000000000.0,48.87640449438202,48.87640449438202
-1e+18,,,,,,,
-1e+18,,,,,,,
-1e+18,,,,,,,
-1e+18,,,,,,,
-1e+18,,,,,,,
-1e+18,,,,,,,
-1e+18,,,,,,,
-1e+18,,,,,,,
-1e+18,,,,,,,
-1e+18,,,,,,,
-1e+18,,,,,,,
-49999862.25509156,"(3, 4, 9, 4, 3)",9.0,0.0,43.82022471910113,1000000000.0,43.82022471910113,43.82022471910113
-1e+18,,,,,,,
-1e+18,,,,,,,
-1e+18,,,,,,,
-1e+18,,,,,,,
-1e+18,,,,,,,
-1e+18,,,,,,,
-1e+18,,,,,,,
-1e+18,,,,,,,
-1e+18,,,,,,,
-1e+18,,,,,,,
-49999856.81331274,"(5, 4, 6, 4, 4)",6.0,0.0,45.50561797752809,1000000000.0,45.50561797752809,45.50561797752809
-1e+18,,,,,,,
-1e+18,,,,,,,
-1e+18,,,,,,,
-1e+18,,,,,,,
-1e+18,,,,,,,
-1e+18,,,,,,,
-1e+18,,,,,,,
-1e+18,,,,,,,
-1e+18,,,,,,,
-1e+18,,,,,,,
-1e+18,,,,,,,
-1e+18,,,,,,,
-1e+18,,,,,,,
-1e+18,,,,,,,
-49999841.668409325,"(3, 8, 3, 3, 3)",7.0,0.0,51.12359550561798,1000000000.0,51.12359550561798,51.12359550561798
-1e+18,,,,,,,
-1e+18,,,,,,,
-1e+18,,,,,,,
-1e+18,,,,,,,
-1e+18,,,,,,,
-1e+18,,,,,,,
-1e+18,,,,,,,
-1e+18,,,,,,,
-49999873.24479676,"(3, 3, 9, 4, 5)",9.0,0.0,39.325842696629216,1000000000.0,39.325842696629216,39.325842696629216
-1e+18,,,,,,,
-1e+18,,,,,,,
-1e+18,,,,,,,
-1e+18,,,,,,,
-1e+18,,,,,,,
-1e+18,,,,,,,
-1e+18,,,,,,,
-1e+18,,,,,,,
-1e+18,,,,,,,
-1e+18,,,,,,,
-49999857.22858859,"(3, 8, 3, 3, 4)",5.0,0.0,45.50561797752809,1000000000.0,45.50561797752809,45.50561797752809
-1e+18,,,,,,,
-1e+18,,,,,,,
-49999840.271072425,"(7, 3, 3, 3, 3)",7.0,0.0,52.247191011235955,1000000000.0,52.247191011235955,52.247191011235955
-1e+18,,,,,,,
-1e+18,,,,,,,
-1e+18,,,,,,,
-1e+18,,,,,,,
-49999848.108790964,"(9, 3, 3, 3, 4)",6.0,0.0,48.31460674157304,1000000000.0,48.31460674157304,48.31460674157304
-1e+18,,,,,,,
-1e+18,,,,,,,
-1e+18,,,,,,,
-1e+18,,,,,,,
-1e+18,,,,,,,
-1e+18,,,,,,,
-1e+18,,,,,,,
-1e+18,,,,,,,
-1e+18,,,,,,,
-1e+18,,,,,,,
-1e+18,,,,,,,
-1e+18,,,,,,,
-1e+18,,,,,,,
-1e+18,,,,,,,
-1e+18,,,,,,,
-1e+18,,,,,,,
-1e+18,,,,,,,
-1e+18,,,,,,,
-1e+18,,,,,,,
-1e+18,,,,,,,
-1e+18,,,,,,,
-1e+18,,,,,,,
-1e+18,,,,,,,
-1e+18,,,,,,,
-1e+18,,,,,,,
-1e+18,,,,,,,
-1e+18,,,,,,,
-1e+18,,,,,,,
-1e+18,,,,,,,
-1e+18,,,,,,,
-1e+18,,,,,,,
-1e+18,,,,,,,
-1e+18,,,,,,,
-1e+18,,,,,,,
-1e+18,,,,,,,
-1e+18,,,,,,,
-1e+18,,,,,,,
-1e+18,,,,,,,
-49999865.840358414,"(5, 5, 6, 3, 3)",7.0,0.0,42.13483146067416,1000000000.0,42.13483146067416,42.13483146067416
-1e+18,,,,,,,
-1e+18,,,,,,,
-1e+18,,,,,,,
-1e+18,,,,,,,
-1e+18,,,,,,,
-1e+18,,,,,,,
-1e+18,,,,,,,
-1e+18,,,,,,,
-1e+18,,,,,,,
-1e+18,,,,,,,
-1e+18,,,,,,,
-1e+18,,,,,,,
-1e+18,,,,,,,
-1e+18,,,,,,,
-1e+18,,,,,,,
-1e+18,,,,,,,
-1e+18,,,,,,,
-1e+18,,,,,,,
-1e+18,,,,,,,
-1e+18,,,,,,,
-49999868.26433746,"(5, 3, 3, 8, 4)",8.0,0.0,41.573033707865164,1000000000.0,41.573033707865164,41.573033707865164
-1e+18,,,,,,,
-1e+18,,,,,,,
-1e+18,,,,,,,
-1e+18,,,,,,,
-1e+18,,,,,,,
-1e+18,,,,,,,
-1e+18,,,,,,,
-1e+18,,,,,,,
-1e+18,,,,,,,
-1e+18,,,,,,,
-1e+18,,,,,,,
-1e+18,,,,,,,
-1e+18,,,,,,,
-1e+18,,,,,,,
-1e+18,,,,,,,
-49999872.36511544,"(5, 4, 6, 3, 5)",4.0,0.0,39.8876404494382,1000000000.0,39.8876404494382,39.8876404494382
-1e+18,,,,,,,
-1e+18,,,,,,,
-1e+18,,,,,,,
-1e+18,,,,,,,
-1e+18,,,,,,,
-1e+18,,,,,,,
-1e+18,,,,,,,
-1e+18,,,,,,,
-1e+18,,,,,,,
-1e+18,,,,,,,
-1e+18,,,,,,,
-1e+18,,,,,,,
-1e+18,,,,,,,
-49999854.856434405,"(4, 6, 3, 3, 4)",5.0,0.0,46.62921348314607,1000000000.0,46.62921348314607,46.62921348314607
-1e+18,,,,,,,
-1e+18,,,,,,,
-49999857.66064955,"(3, 4, 8, 3, 3)",4.0,0.0,45.50561797752809,1000000000.0,45.50561797752809,45.50561797752809
-1e+18,,,,,,,
-1e+18,,,,,,,
-1e+18,,,,,,,
-1e+18,,,,,,,
-1e+18,,,,,,,
-1e+18,,,,,,,
-1e+18,,,,,,,
-1e+18,,,,,,,
-1e+18,,,,,,,
-1e+18,,,,,,,
-1e+18,,,,,,,
-1e+18,,,,,,,
-1e+18,,,,,,,
-1e+18,,,,,,,
-1e+18,,,,,,,
-1e+18,,,,,,,
-1e+18,,,,,,,
-1e+18,,,,,,,
-1e+18,,,,,,,
-1e+18,,,,,,,
-1e+18,,,,,,,
-1e+18,,,,,,,
-1e+18,,,,,,,
-1e+18,,,,,,,
-1e+18,,,,,,,
-1e+18,,,,,,,
-1e+18,,,,,,,
-1e+18,,,,,,,
-1e+18,,,,,,,
-1e+18,,,,,,,
-1e+18,,,,,,,
-1e+18,,,,,,,
-1e+18,,,,,,,
-1e+18,,,,,,,
-1e+18,,,,,,,
-1e+18,,,,,,,
-1e+18,,,,,,,
-1e+18,,,,,,,
-1e+18,,,,,,,
-1e+18,,,,,,,
-1e+18,,,,,,,
-1e+18,,,,,,,
-1e+18,,,,,,,
-1e+18,,,,,,,
-1e+18,,,,,,,
-1e+18,,,,,,,
-1e+18,,,,,,,
-1e+18,,,,,,,
-1e+18,,,,,,,
-1e+18,,,,,,,
-1e+18,,,,,,,
-1e+18,,,,,,,
-1e+18,,,,,,,
-1e+18,,,,,,,
-1e+18,,,,,,,
-1e+18,,,,,,,
-1e+18,,,,,,,
-1e+18,,,,,,,
-1e+18,,,,,,,
-1e+18,,,,,,,
-1e+18,,,,,,,
-1e+18,,,,,,,
-1e+18,,,,,,,
-1e+18,,,,,,,
-1e+18,,,,,,,
-1e+18,,,,,,,
-1e+18,,,,,,,
-1e+18,,,,,,,
-49999850.53325587,"(3, 4, 3, 4, 8)",6.0,0.0,47.19101123595506,1000000000.0,47.19101123595506,47.19101123595506
-1e+18,,,,,,,
-1e+18,,,,,,,
-1e+18,,,,,,,
-1e+18,,,,,,,
-1e+18,,,,,,,
-1e+18,,,,,,,
-1e+18,,,,,,,
-1e+18,,,,,,,
-1e+18,,,,,,,
-1e+18,,,,,,,
-1e+18,,,,,,,
-49999858.35735411,"(4, 3, 7, 4, 4)",7.0,0.0,44.943820224719104,1000000000.0,44.943820224719104,44.943820224719104
-49999855.420676626,"(3, 6, 5, 3, 3)",6.0,0.0,46.62921348314607,1000000000.0,46.62921348314607,46.62921348314607
-1e+18,,,,,,,
-1e+18,,,,,,,
-1e+18,,,,,,,
-1e+18,,,,,,,
-1e+18,,,,,,,
-1e+18,,,,,,,
-1e+18,,,,,,,
-1e+18,,,,,,,
-1e+18,,,,,,,
-1e+18,,,,,,,
-49999821.77516137,"(3, 3, 3, 4, 5)",9.0,0.0,58.426966292134836,1000000000.0,58.426966292134836,58.426966292134836
-1e+18,,,,,,,
-1e+18,,,,,,,
-1e+18,,,,,,,
-1e+18,,,,,,,
-1e+18,,,,,,,
-1e+18,,,,,,,
-1e+18,,,,,,,
-1e+18,,,,,,,
-1e+18,,,,,,,
-1e+18,,,,,,,
-1e+18,,,,,,,
-1e+18,,,,,,,
-1e+18,,,,,,,
-49999863.91535215,"(3, 9, 3, 3, 4)",9.0,0.0,43.258426966292134,1000000000.0,43.258426966292134,43.258426966292134
-1e+18,,,,,,,
-1e+18,,,,,,,
-1e+18,,,,,,,
-1e+18,,,,,,,
-1e+18,,,,,,,
-1e+18,,,,,,,
-1e+18,,,,,,,
-1e+18,,,,,,,
-1e+18,,,,,,,
-1e+18,,,,,,,
-1e+18,,,,,,,
-1e+18,,,,,,,
-1e+18,,,,,,,
-1e+18,,,,,,,
-1e+18,,,,,,,
-49999856.4193267,"(7, 4, 6, 3, 3)",3.0,0.0,44.943820224719104,1000000000.0,44.943820224719104,44.943820224719104
-1e+18,,,,,,,
-1e+18,,,,,,,
-1e+18,,,,,,,
-1e+18,,,,,,,
-1e+18,,,,,,,
-1e+18,,,,,,,
-1e+18,,,,,,,
-1e+18,,,,,,,
-1e+18,,,,,,,
-1e+18,,,,,,,
-1e+18,,,,,,,
-1e+18,,,,,,,
-1e+18,,,,,,,
-1e+18,,,,,,,
-1e+18,,,,,,,
-1e+18,,,,,,,
-1e+18,,,,,,,
-1e+18,,,,,,,
-1e+18,,,,,,,
-1e+18,,,,,,,
-1e+18,,,,,,,
-1e+18,,,,,,,
-1e+18,,,,,,,
-1e+18,,,,,,,
-1e+18,,,,,,,
-1e+18,,,,,,,
-1e+18,,,,,,,
-1e+18,,,,,,,
-1e+18,,,,,,,
-1e+18,,,,,,,
-1e+18,,,,,,,
-1e+18,,,,,,,
-1e+18,,,,,,,
-1e+18,,,,,,,
-1e+18,,,,,,,
-1e+18,,,,,,,
-1e+18,,,,,,,
-1e+18,,,,,,,
-1e+18,,,,,,,
-1e+18,,,,,,,
-1e+18,,,,,,,
-1e+18,,,,,,,
-1e+18,,,,,,,
-1e+18,,,,,,,
-1e+18,,,,,,,
-1e+18,,,,,,,
-1e+18,,,,,,,
-1e+18,,,,,,,
-1e+18,,,,,,,
-1e+18,,,,,,,
-1e+18,,,,,,,
-1e+18,,,,,,,
-1e+18,,,,,,,
-1e+18,,,,,,,
-1e+18,,,,,,,
-1e+18,,,,,,,
-1e+18,,,,,,,
-1e+18,,,,,,,
-1e+18,,,,,,,
-1e+18,,,,,,,
-1e+18,,,,,,,
-1e+18,,,,,,,
-1e+18,,,,,,,
-1e+18,,,,,,,
-49999850.32929226,"(3, 6, 3, 4, 3)",3.0,0.0,48.31460674157304,1000000000.0,48.31460674157304,48.31460674157304
-1e+18,,,,,,,
-1e+18,,,,,,,
-1e+18,,,,,,,
-1e+18,,,,,,,
-1e+18,,,,,,,
-1e+18,,,,,,,
-1e+18,,,,,,,
-1e+18,,,,,,,
-1e+18,,,,,,,
-1e+18,,,,,,,
-1e+18,,,,,,,
-1e+18,,,,,,,
-1e+18,,,,,,,
-1e+18,,,,,,,
-1e+18,,,,,,,
-1e+18,,,,,,,
-1e+18,,,,,,,
-1e+18,,,,,,,
-1e+18,,,,,,,
-1e+18,,,,,,,
-1e+18,,,,,,,
-1e+18,,,,,,,
-1e+18,,,,,,,
-1e+18,,,,,,,
-1e+18,,,,,,,
-1e+18,,,,,,,
-1e+18,,,,,,,
-1e+18,,,,,,,
-49999874.99109904,"(3, 6, 4, 3, 5)",6.0,0.0,38.764044943820224,1000000000.0,38.764044943820224,38.764044943820224
-1e+18,,,,,,,
-1e+18,,,,,,,
-1e+18,,,,,,,
-1e+18,,,,,,,
-1e+18,,,,,,,
-1e+18,,,,,,,
-1e+18,,,,,,,
-1e+18,,,,,,,
-1e+18,,,,,,,
-1e+18,,,,,,,
-1e+18,,,,,,,
-1e+18,,,,,,,
-1e+18,,,,,,,
-1e+18,,,,,,,
-1e+18,,,,,,,
-1e+18,,,,,,,
-1e+18,,,,,,,
-1e+18,,,,,,,
-1e+18,,,,,,,
-1e+18,,,,,,,
-1e+18,,,,,,,
-1e+18,,,,,,,
-49999873.33611308,"(3, 3, 3, 5, 8)",3.0,0.0,39.325842696629216,1000000000.0,39.325842696629216,39.325842696629216
-1e+18,,,,,,,
-1e+18,,,,,,,
-1e+18,,,,,,,
-1e+18,,,,,,,
-1e+18,,,,,,,
-1e+18,,,,,,,
-1e+18,,,,,,,
-1e+18,,,,,,,
-1e+18,,,,,,,
-1e+18,,,,,,,
-1e+18,,,,,,,
-1e+18,,,,,,,
-49999827.36629647,"(5, 3, 3, 4, 3)",9.0,0.0,56.741573033707866,1000000000.0,56.741573033707866,56.741573033707866
-1e+18,,,,,,,
-1e+18,,,,,,,
-1e+18,,,,,,,
-49999846.18796353,"(3, 4, 4, 3, 6)",5.0,0.0,49.438202247191015,1000000000.0,49.438202247191015,49.438202247191015
-1e+18,,,,,,,
-1e+18,,,,,,,
-1e+18,,,,,,,
-1e+18,,,,,,,
-1e+18,,,,,,,
-1e+18,,,,,,,
-1e+18,,,,,,,
-1e+18,,,,,,,
-1e+18,,,,,,,
-1e+18,,,,,,,
-1e+18,,,,,,,
-1e+18,,,,,,,
-1e+18,,,,,,,
-49999846.626617305,"(4, 3, 3, 6, 4)",5.0,0.0,48.87640449438202,1000000000.0,48.87640449438202,48.87640449438202
-1e+18,,,,,,,
-1e+18,,,,,,,
-1e+18,,,,,,,
-1e+18,,,,,,,
-1e+18,,,,,,,
-1e+18,,,,,,,
-1e+18,,,,,,,
-1e+18,,,,,,,
-1e+18,,,,,,,
-1e+18,,,,,,,
-1e+18,,,,,,,
-1e+18,,,,,,,
-1e+18,,,,,,,
-1e+18,,,,,,,
-1e+18,,,,,,,
-1e+18,,,,,,,
-1e+18,,,,,,,
-1e+18,,,,,,,
-1e+18,,,,,,,
-1e+18,,,,,,,
-1e+18,,,,,,,
-1e+18,,,,,,,
-49999853.820864044,"(4, 3, 3, 7, 4)",5.0,0.0,46.62921348314607,1000000000.0,46.62921348314607,46.62921348314607
-1e+18,,,,,,,
-1e+18,,,,,,,
-49999872.6579434,"(3, 3, 7, 7, 3)",3.0,0.0,39.8876404494382,1000000000.0,39.8876404494382,39.8876404494382
-1e+18,,,,,,,
-1e+18,,,,,,,
-1e+18,,,,,,,
-1e+18,,,,,,,
-1e+18,,,,,,,
-1e+18,,,,,,,
-1e+18,,,,,,,
-1e+18,,,,,,,
-1e+18,,,,,,,
-1e+18,,,,,,,
-1e+18,,,,,,,
-1e+18,,,,,,,
-1e+18,,,,,,,
-1e+18,,,,,,,
-1e+18,,,,,,,
-1e+18,,,,,,,
-1e+18,,,,,,,
-1e+18,,,,,,,
-1e+18,,,,,,,
-1e+18,,,,,,,
-49999853.45313728,"(3, 3, 6, 3, 7)",6.0,0.0,46.62921348314607,1000000000.0,46.62921348314607,46.62921348314607
-1e+18,,,,,,,
-1e+18,,,,,,,
-1e+18,,,,,,,
-1e+18,,,,,,,
-1e+18,,,,,,,
-1e+18,,,,,,,
-1e+18,,,,,,,
-1e+18,,,,,,,
-1e+18,,,,,,,
-1e+18,,,,,,,
-1e+18,,,,,,,
-1e+18,,,,,,,
-49999865.032129414,"(3, 5, 3, 4, 7)",9.0,0.0,42.69662921348315,1000000000.0,42.69662921348315,42.69662921348315
-1e+18,,,,,,,
-1e+18,,,,,,,
-1e+18,,,,,,,
-1e+18,,,,,,,
-1e+18,,,,,,,
-1e+18,,,,,,,
-1e+18,,,,,,,
-1e+18,,,,,,,
-1e+18,,,,,,,
-1e+18,,,,,,,
-1e+18,,,,,,,
-1e+18,,,,,,,
-1e+18,,,,,,,
-1e+18,,,,,,,
-1e+18,,,,,,,
-1e+18,,,,,,,
-1e+18,,,,,,,
-49999863.15360548,"(7, 3, 6, 3, 4)",9.0,0.0,42.69662921348315,1000000000.0,42.69662921348315,42.69662921348315
-1e+18,,,,,,,
-1e+18,,,,,,,
-1e+18,,,,,,,
-1e+18,,,,,,,
-1e+18,,,,,,,
-1e+18,,,,,,,
-1e+18,,,,,,,
-1e+18,,,,,,,
-1e+18,,,,,,,
-1e+18,,,,,,,
-1e+18,,,,,,,
-1e+18,,,,,,,
-1e+18,,,,,,,
-1e+18,,,,,,,
-1e+18,,,,,,,
-1e+18,,,,,,,
-1e+18,,,,,,,
-1e+18,,,,,,,
-1e+18,,,,,,,
-1e+18,,,,,,,
-1e+18,,,,,,,
-1e+18,,,,,,,
-1e+18,,,,,,,
-1e+18,,,,,,,
-1e+18,,,,,,,
-1e+18,,,,,,,
-1e+18,,,,,,,
-1e+18,,,,,,,
-1e+18,,,,,,,
-1e+18,,,,,,,
-1e+18,,,,,,,
-1e+18,,,,,,,
-1e+18,,,,,,,
-1e+18,,,,,,,
-1e+18,,,,,,,
-1e+18,,,,,,,
-1e+18,,,,,,,
-1e+18,,,,,,,
-1e+18,,,,,,,
-1e+18,,,,,,,
-1e+18,,,,,,,
-1e+18,,,,,,,
-1e+18,,,,,,,
-1e+18,,,,,,,
-1e+18,,,,,,,
-1e+18,,,,,,,
-1e+18,,,,,,,
-1e+18,,,,,,,
-1e+18,,,,,,,
-1e+18,,,,,,,
-1e+18,,,,,,,
-1e+18,,,,,,,
-1e+18,,,,,,,
-1e+18,,,,,,,
-1e+18,,,,,,,
-1e+18,,,,,,,
-49999871.82288628,"(3, 5, 3, 9, 3)",7.0,0.0,39.8876404494382,1000000000.0,39.8876404494382,39.8876404494382
-1e+18,,,,,,,
-1e+18,,,,,,,
-1e+18,,,,,,,
-1e+18,,,,,,,
-1e+18,,,,,,,
-1e+18,,,,,,,
-1e+18,,,,,,,
-1e+18,,,,,,,
-1e+18,,,,,,,
-1e+18,,,,,,,
-1e+18,,,,,,,
-1e+18,,,,,,,
-1e+18,,,,,,,
-1e+18,,,,,,,
-1e+18,,,,,,,
-1e+18,,,,,,,
-1e+18,,,,,,,
-1e+18,,,,,,,
-1e+18,,,,,,,
-1e+18,,,,,,,
-1e+18,,,,,,,
-1e+18,,,,,,,
-1e+18,,,,,,,
-1e+18,,,,,,,
-1e+18,,,,,,,
-1e+18,,,,,,,
-1e+18,,,,,,,
-1e+18,,,,,,,
-1e+18,,,,,,,
-1e+18,,,,,,,
-1e+18,,,,,,,
-1e+18,,,,,,,
-1e+18,,,,,,,
-1e+18,,,,,,,
-1e+18,,,,,,,
-1e+18,,,,,,,
-1e+18,,,,,,,
-1e+18,,,,,,,
-1e+18,,,,,,,
-1e+18,,,,,,,
-1e+18,,,,,,,
-1e+18,,,,,,,
-1e+18,,,,,,,
-1e+18,,,,,,,
-1e+18,,,,,,,
-1e+18,,,,,,,
-1e+18,,,,,,,
-1e+18,,,,,,,
-1e+18,,,,,,,
-1e+18,,,,,,,
-1e+18,,,,,,,
-1e+18,,,,,,,
-1e+18,,,,,,,
-1e+18,,,,,,,
-1e+18,,,,,,,
-1e+18,,,,,,,
-1e+18,,,,,,,
-1e+18,,,,,,,
-1e+18,,,,,,,
-1e+18,,,,,,,
-1e+18,,,,,,,
-1e+18,,,,,,,
-1e+18,,,,,,,
-1e+18,,,,,,,
-1e+18,,,,,,,
-1e+18,,,,,,,
-1e+18,,,,,,,
-1e+18,,,,,,,
-1e+18,,,,,,,
-1e+18,,,,,,,
-1e+18,,,,,,,
-1e+18,,,,,,,
-1e+18,,,,,,,
-1e+18,,,,,,,
-1e+18,,,,,,,
-1e+18,,,,,,,
-1e+18,,,,,,,
-1e+18,,,,,,,
-1e+18,,,,,,,
-1e+18,,,,,,,
-1e+18,,,,,,,
-1e+18,,,,,,,
-1e+18,,,,,,,
-1e+18,,,,,,,
-1e+18,,,,,,,
-1e+18,,,,,,,
-1e+18,,,,,,,
-1e+18,,,,,,,
-1e+18,,,,,,,
-1e+18,,,,,,,
-1e+18,,,,,,,
-1e+18,,,,,,,
-1e+18,,,,,,,
-1e+18,,,,,,,
-1e+18,,,,,,,
-1e+18,,,,,,,
-49999858.455654085,"(5, 3, 9, 3, 3)",3.0,0.0,44.943820224719104,1000000000.0,44.943820224719104,44.943820224719104
-1e+18,,,,,,,
-1e+18,,,,,,,
-1e+18,,,,,,,
-1e+18,,,,,,,
-1e+18,,,,,,,
-1e+18,,,,,,,
-1e+18,,,,,,,
-1e+18,,,,,,,
-1e+18,,,,,,,
-1e+18,,,,,,,
-1e+18,,,,,,,
-1e+18,,,,,,,
-1e+18,,,,,,,
-1e+18,,,,,,,
-1e+18,,,,,,,
-1e+18,,,,,,,
-1e+18,,,,,,,
-49999832.88759967,"(4, 4, 4, 3, 4)",6.0,0.0,53.93258426966292,1000000000.0,53.93258426966292,53.93258426966292
-49999799.89925609,"(4, 4, 3, 3, 3)",4.0,0.0,66.85393258426964,1000000000.0,66.85393258426964,66.85393258426964
-1e+18,,,,,,,
-1e+18,,,,,,,
-1e+18,,,,,,,
-1e+18,,,,,,,
-49999856.430456504,"(5, 3, 3, 7, 3)",9.0,0.0,46.06741573033708,1000000000.0,46.06741573033708,46.06741573033708
-1e+18,,,,,,,
-1e+18,,,,,,,
-1e+18,,,,,,,
-1e+18,,,,,,,
-1e+18,,,,,,,
-1e+18,,,,,,,
-1e+18,,,,,,,
-1e+18,,,,,,,
-1e+18,,,,,,,
-1e+18,,,,,,,
-1e+18,,,,,,,
-1e+18,,,,,,,
-49999873.614175,"(4, 4, 6, 3, 7)",7.0,0.0,39.325842696629216,1000000000.0,39.325842696629216,39.325842696629216
-1e+18,,,,,,,
-1e+18,,,,,,,
-1e+18,,,,,,,
-1e+18,,,,,,,
-1e+18,,,,,,,
-1e+18,,,,,,,
-1e+18,,,,,,,
-1e+18,,,,,,,
-1e+18,,,,,,,
-1e+18,,,,,,,
-1e+18,,,,,,,
-1e+18,,,,,,,
-1e+18,,,,,,,
-1e+18,,,,,,,
-1e+18,,,,,,,
-49999836.87682913,"(3, 3, 6, 4, 4)",7.0,0.0,53.37078651685393,1000000000.0,53.37078651685393,53.37078651685393
-1e+18,,,,,,,
-1e+18,,,,,,,
-1e+18,,,,,,,
-1e+18,,,,,,,
-1e+18,,,,,,,
-1e+18,,,,,,,
-1e+18,,,,,,,
-1e+18,,,,,,,
-1e+18,,,,,,,
-1e+18,,,,,,,
-1e+18,,,,,,,
-1e+18,,,,,,,
-1e+18,,,,,,,
-1e+18,,,,,,,
-1e+18,,,,,,,
-49999872.80066057,"(4, 3, 6, 7, 3)",6.0,0.0,39.8876404494382,1000000000.0,39.8876404494382,39.8876404494382
-1e+18,,,,,,,
-1e+18,,,,,,,
-1e+18,,,,,,,
-1e+18,,,,,,,
-1e+18,,,,,,,
-1e+18,,,,,,,
-1e+18,,,,,,,
-1e+18,,,,,,,
-1e+18,,,,,,,
-1e+18,,,,,,,
-1e+18,,,,,,,
-1e+18,,,,,,,
-1e+18,,,,,,,
-1e+18,,,,,,,
-1e+18,,,,,,,
-1e+18,,,,,,,
-1e+18,,,,,,,
-1e+18,,,,,,,
-1e+18,,,,,,,
-1e+18,,,,,,,
-1e+18,,,,,,,
-1e+18,,,,,,,
-1e+18,,,,,,,
-1e+18,,,,,,,
-1e+18,,,,,,,
-1e+18,,,,,,,
-1e+18,,,,,,,
-49999842.142248236,"(3, 3, 6, 4, 5)",9.0,0.0,50.56179775280899,1000000000.0,50.56179775280899,50.56179775280899
-1e+18,,,,,,,
-1e+18,,,,,,,
-1e+18,,,,,,,
-1e+18,,,,,,,
-1e+18,,,,,,,
-1e+18,,,,,,,
-1e+18,,,,,,,
-1e+18,,,,,,,
-1e+18,,,,,,,
-1e+18,,,,,,,
-1e+18,,,,,,,
-1e+18,,,,,,,
-1e+18,,,,,,,
-1e+18,,,,,,,
-1e+18,,,,,,,
-1e+18,,,,,,,
-49999866.999574885,"(6, 4, 3, 4, 7)",9.0,0.0,42.13483146067416,1000000000.0,42.13483146067416,42.13483146067416
-1e+18,,,,,,,
-1e+18,,,,,,,
-1e+18,,,,,,,
-1e+18,,,,,,,
-1e+18,,,,,,,
-1e+18,,,,,,,
-1e+18,,,,,,,
-1e+18,,,,,,,
-1e+18,,,,,,,
-1e+18,,,,,,,
-1e+18,,,,,,,
-1e+18,,,,,,,
-1e+18,,,,,,,
-1e+18,,,,,,,
-1e+18,,,,,,,
-1e+18,,,,,,,
-1e+18,,,,,,,
-49999836.688377075,"(3, 4, 3, 6, 4)",5.0,0.0,52.80898876404495,1000000000.0,52.80898876404495,52.80898876404495
-1e+18,,,,,,,
-1e+18,,,,,,,
-1e+18,,,,,,,
-1e+18,,,,,,,
-1e+18,,,,,,,
-1e+18,,,,,,,
-1e+18,,,,,,,
-1e+18,,,,,,,
-1e+18,,,,,,,
-1e+18,,,,,,,
-1e+18,,,,,,,
-1e+18,,,,,,,
-1e+18,,,,,,,
-1e+18,,,,,,,
-1e+18,,,,,,,
-1e+18,,,,,,,
-49999811.65960946,"(3, 3, 3, 4, 4)",3.0,0.0,62.92134831460673,1000000000.0,62.92134831460673,62.92134831460673
-1e+18,,,,,,,
-1e+18,,,,,,,
-1e+18,,,,,,,
-1e+18,,,,,,,
-1e+18,,,,,,,
-1e+18,,,,,,,
-1e+18,,,,,,,
-1e+18,,,,,,,
-1e+18,,,,,,,
-1e+18,,,,,,,
-1e+18,,,,,,,
-1e+18,,,,,,,
-1e+18,,,,,,,
-1e+18,,,,,,,
-1e+18,,,,,,,
-1e+18,,,,,,,
-1e+18,,,,,,,
-1e+18,,,,,,,
-1e+18,,,,,,,
-1e+18,,,,,,,
-1e+18,,,,,,,
-1e+18,,,,,,,
-1e+18,,,,,,,
-1e+18,,,,,,,
-1e+18,,,,,,,
-1e+18,,,,,,,
-49999857.12084801,"(3, 7, 4, 3, 4)",7.0,0.0,44.943820224719104,1000000000.0,44.943820224719104,44.943820224719104
-1e+18,,,,,,,
-1e+18,,,,,,,
-1e+18,,,,,,,
-1e+18,,,,,,,
-1e+18,,,,,,,
-1e+18,,,,,,,
-49999864.285094395,"(3, 4, 9, 3, 4)",8.0,0.0,42.69662921348315,1000000000.0,42.69662921348315,42.69662921348315
-1e+18,,,,,,,
-1e+18,,,,,,,
-1e+18,,,,,,,
-1e+18,,,,,,,
-1e+18,,,,,,,
-1e+18,,,,,,,
-1e+18,,,,,,,
-49999865.893469356,"(3, 3, 6, 3, 8)",9.0,0.0,41.57303370786517,1000000000.0,41.57303370786517,41.57303370786517
-1e+18,,,,,,,
-1e+18,,,,,,,
-1e+18,,,,,,,
-1e+18,,,,,,,
-1e+18,,,,,,,
-1e+18,,,,,,,
-1e+18,,,,,,,
-1e+18,,,,,,,
-1e+18,,,,,,,
-1e+18,,,,,,,
-1e+18,,,,,,,
-1e+18,,,,,,,
-1e+18,,,,,,,
-1e+18,,,,,,,
-1e+18,,,,,,,
-1e+18,,,,,,,
-1e+18,,,,,,,
-1e+18,,,,,,,
-1e+18,,,,,,,
-1e+18,,,,,,,
-1e+18,,,,,,,
-1e+18,,,,,,,
-1e+18,,,,,,,
-1e+18,,,,,,,
-1e+18,,,,,,,
-1e+18,,,,,,,
-1e+18,,,,,,,
-1e+18,,,,,,,
-1e+18,,,,,,,
-1e+18,,,,,,,
-1e+18,,,,,,,
-1e+18,,,,,,,
-1e+18,,,,,,,
-1e+18,,,,,,,
-1e+18,,,,,,,
-1e+18,,,,,,,
-1e+18,,,,,,,
-1e+18,,,,,,,
-1e+18,,,,,,,
-1e+18,,,,,,,
-1e+18,,,,,,,
-1e+18,,,,,,,
-1e+18,,,,,,,
-1e+18,,,,,,,
-1e+18,,,,,,,
-1e+18,,,,,,,
-1e+18,,,,,,,
-1e+18,,,,,,,
-1e+18,,,,,,,
-1e+18,,,,,,,
-1e+18,,,,,,,
-1e+18,,,,,,,
-1e+18,,,,,,,
-1e+18,,,,,,,
-1e+18,,,,,,,
-1e+18,,,,,,,
-1e+18,,,,,,,
-1e+18,,,,,,,
-1e+18,,,,,,,
-1e+18,,,,,,,
-1e+18,,,,,,,
-1e+18,,,,,,,
-1e+18,,,,,,,
-1e+18,,,,,,,
-1e+18,,,,,,,
-1e+18,,,,,,,
-1e+18,,,,,,,
-1e+18,,,,,,,
-49999859.42245648,"(5, 4, 3, 4, 5)",3.0,0.0,44.943820224719104,1000000000.0,44.943820224719104,44.943820224719104
-1e+18,,,,,,,
-1e+18,,,,,,,
-1e+18,,,,,,,
-1e+18,,,,,,,
-1e+18,,,,,,,
-1e+18,,,,,,,
-1e+18,,,,,,,
-1e+18,,,,,,,
-1e+18,,,,,,,
-1e+18,,,,,,,
-1e+18,,,,,,,
-1e+18,,,,,,,
-1e+18,,,,,,,
-1e+18,,,,,,,
-1e+18,,,,,,,
-1e+18,,,,,,,
-1e+18,,,,,,,
-1e+18,,,,,,,
-1e+18,,,,,,,
-1e+18,,,,,,,
-1e+18,,,,,,,
-1e+18,,,,,,,
-1e+18,,,,,,,
-1e+18,,,,,,,
-1e+18,,,,,,,
-1e+18,,,,,,,
-1e+18,,,,,,,
-1e+18,,,,,,,
-1e+18,,,,,,,
-1e+18,,,,,,,
-1e+18,,,,,,,
-1e+18,,,,,,,
-49999837.63436688,"(3, 4, 4, 3, 5)",6.0,0.0,52.247191011235955,1000000000.0,52.247191011235955,52.247191011235955
-1e+18,,,,,,,
-1e+18,,,,,,,
-1e+18,,,,,,,
-1e+18,,,,,,,
-1e+18,,,,,,,
-1e+18,,,,,,,
-1e+18,,,,,,,
-1e+18,,,,,,,
-1e+18,,,,,,,
-1e+18,,,,,,,
-1e+18,,,,,,,
-49999835.559550345,"(5, 4, 6, 3, 3)",5.0,0.0,52.80898876404495,1000000000.0,52.80898876404495,52.80898876404495
-1e+18,,,,,,,
-1e+18,,,,,,,
-1e+18,,,,,,,
-1e+18,,,,,,,
-1e+18,,,,,,,
-1e+18,,,,,,,
-1e+18,,,,,,,
-1e+18,,,,,,,
-1e+18,,,,,,,
-1e+18,,,,,,,
-1e+18,,,,,,,
-1e+18,,,,,,,
-1e+18,,,,,,,
-1e+18,,,,,,,
-1e+18,,,,,,,
-1e+18,,,,,,,
-1e+18,,,,,,,
-1e+18,,,,,,,
-1e+18,,,,,,,
-1e+18,,,,,,,
-1e+18,,,,,,,
-1e+18,,,,,,,
-1e+18,,,,,,,
-1e+18,,,,,,,
-1e+18,,,,,,,
-1e+18,,,,,,,
-1e+18,,,,,,,
-1e+18,,,,,,,
-1e+18,,,,,,,
-1e+18,,,,,,,
-1e+18,,,,,,,
-1e+18,,,,,,,
-1e+18,,,,,,,
-49999867.32845515,"(3, 3, 4, 5, 5)",3.0,0.0,41.57303370786517,1000000000.0,41.57303370786517,41.57303370786517
-1e+18,,,,,,,
-1e+18,,,,,,,
-1e+18,,,,,,,
-1e+18,,,,,,,
-1e+18,,,,,,,
-1e+18,,,,,,,
-1e+18,,,,,,,
-1e+18,,,,,,,
-1e+18,,,,,,,
-1e+18,,,,,,,
-1e+18,,,,,,,
-1e+18,,,,,,,
-1e+18,,,,,,,
-1e+18,,,,,,,
-1e+18,,,,,,,
-1e+18,,,,,,,
-1e+18,,,,,,,
-1e+18,,,,,,,
-1e+18,,,,,,,
-1e+18,,,,,,,
-1e+18,,,,,,,
-1e+18,,,,,,,
-1e+18,,,,,,,
-1e+18,,,,,,,
-1e+18,,,,,,,
-1e+18,,,,,,,
-1e+18,,,,,,,
-1e+18,,,,,,,
-1e+18,,,,,,,
-1e+18,,,,,,,
-1e+18,,,,,,,
-1e+18,,,,,,,
-1e+18,,,,,,,
-1e+18,,,,,,,
-1e+18,,,,,,,
-1e+18,,,,,,,
-1e+18,,,,,,,
-1e+18,,,,,,,
-1e+18,,,,,,,
-1e+18,,,,,,,
-1e+18,,,,,,,
-1e+18,,,,,,,
-1e+18,,,,,,,
-1e+18,,,,,,,
-1e+18,,,,,,,
-1e+18,,,,,,,
-1e+18,,,,,,,
-1e+18,,,,,,,
-1e+18,,,,,,,
-1e+18,,,,,,,
-1e+18,,,,,,,
-1e+18,,,,,,,
-1e+18,,,,,,,
-1e+18,,,,,,,
-1e+18,,,,,,,
-1e+18,,,,,,,
-1e+18,,,,,,,
-1e+18,,,,,,,
-1e+18,,,,,,,
-1e+18,,,,,,,
-1e+18,,,,,,,
-1e+18,,,,,,,
-1e+18,,,,,,,
-1e+18,,,,,,,
-1e+18,,,,,,,
-1e+18,,,,,,,
-49999874.900478825,"(4, 5, 3, 8, 4)",6.0,0.0,38.764044943820224,1000000000.0,38.764044943820224,38.764044943820224
-1e+18,,,,,,,
-1e+18,,,,,,,
-1e+18,,,,,,,
-1e+18,,,,,,,
-1e+18,,,,,,,
-1e+18,,,,,,,
-1e+18,,,,,,,
-1e+18,,,,,,,
-1e+18,,,,,,,
-1e+18,,,,,,,
-1e+18,,,,,,,
-1e+18,,,,,,,
-1e+18,,,,,,,
-1e+18,,,,,,,
-1e+18,,,,,,,
-1e+18,,,,,,,
-1e+18,,,,,,,
-49999847.124682404,"(3, 4, 3, 3, 9)",5.0,0.0,48.87640449438202,1000000000.0,48.87640449438202,48.87640449438202
-1e+18,,,,,,,
-1e+18,,,,,,,
-1e+18,,,,,,,
-1e+18,,,,,,,
-1e+18,,,,,,,
-49999872.36511544,"(5, 4, 6, 3, 5)",7.0,0.0,39.8876404494382,1000000000.0,39.8876404494382,39.8876404494382
-1e+18,,,,,,,
-1e+18,,,,,,,
-1e+18,,,,,,,
-1e+18,,,,,,,
-1e+18,,,,,,,
-1e+18,,,,,,,
-1e+18,,,,,,,
-1e+18,,,,,,,
-1e+18,,,,,,,
-1e+18,,,,,,,
-1e+18,,,,,,,
-1e+18,,,,,,,
-49999866.588795155,"(7, 5, 4, 3, 3)",8.0,0.0,42.13483146067416,1000000000.0,42.13483146067416,42.13483146067416
-1e+18,,,,,,,
-1e+18,,,,,,,
-1e+18,,,,,,,
-1e+18,,,,,,,
-1e+18,,,,,,,
-1e+18,,,,,,,
-49999858.94313036,"(5, 3, 3, 4, 7)",9.0,0.0,44.943820224719104,1000000000.0,44.943820224719104,44.943820224719104
-1e+18,,,,,,,
-1e+18,,,,,,,
-1e+18,,,,,,,
-1e+18,,,,,,,
-1e+18,,,,,,,
-49999824.788623914,"(4, 4, 5, 3, 3)",3.0,0.0,57.30337078651685,1000000000.0,57.30337078651685,57.30337078651685
-1e+18,,,,,,,
-1e+18,,,,,,,
-1e+18,,,,,,,
-1e+18,,,,,,,
-1e+18,,,,,,,
-1e+18,,,,,,,
-1e+18,,,,,,,
-1e+18,,,,,,,
-1e+18,,,,,,,
-1e+18,,,,,,,
-1e+18,,,,,,,
-1e+18,,,,,,,
-1e+18,,,,,,,
-1e+18,,,,,,,
-1e+18,,,,,,,
-1e+18,,,,,,,
-1e+18,,,,,,,
-1e+18,,,,,,,
-1e+18,,,,,,,
-1e+18,,,,,,,
-1e+18,,,,,,,
-1e+18,,,,,,,
-1e+18,,,,,,,
-1e+18,,,,,,,
-1e+18,,,,,,,
-1e+18,,,,,,,
-1e+18,,,,,,,
-1e+18,,,,,,,
-1e+18,,,,,,,
-1e+18,,,,,,,
-49999871.25574097,"(7, 5, 4, 3, 4)",8.0,0.0,40.449438202247194,1000000000.0,40.449438202247194,40.449438202247194
-1e+18,,,,,,,
-1e+18,,,,,,,
-1e+18,,,,,,,
-1e+18,,,,,,,
-1e+18,,,,,,,
-1e+18,,,,,,,
-1e+18,,,,,,,
-49999857.12084801,"(3, 7, 4, 3, 4)",4.0,0.0,44.943820224719104,1000000000.0,44.943820224719104,44.943820224719104
-1e+18,,,,,,,
-1e+18,,,,,,,
-1e+18,,,,,,,
-1e+18,,,,,,,
-1e+18,,,,,,,
-1e+18,,,,,,,
-1e+18,,,,,,,
-1e+18,,,,,,,
-1e+18,,,,,,,
-1e+18,,,,,,,
-1e+18,,,,,,,
-1e+18,,,,,,,
-1e+18,,,,,,,
-1e+18,,,,,,,
-1e+18,,,,,,,
-1e+18,,,,,,,
-1e+18,,,,,,,
-1e+18,,,,,,,
-1e+18,,,,,,,
-1e+18,,,,,,,
-1e+18,,,,,,,
-1e+18,,,,,,,
-1e+18,,,,,,,
-1e+18,,,,,,,
-1e+18,,,,,,,
-1e+18,,,,,,,
-1e+18,,,,,,,
-1e+18,,,,,,,
-1e+18,,,,,,,
-1e+18,,,,,,,
-1e+18,,,,,,,
-1e+18,,,,,,,
-1e+18,,,,,,,
-1e+18,,,,,,,
-1e+18,,,,,,,
-1e+18,,,,,,,
-1e+18,,,,,,,
-1e+18,,,,,,,
-1e+18,,,,,,,
-1e+18,,,,,,,
-49999863.01498548,"(8, 5, 3, 3, 4)",7.0,0.0,43.258426966292134,1000000000.0,43.258426966292134,43.258426966292134
-1e+18,,,,,,,
-1e+18,,,,,,,
-1e+18,,,,,,,
-1e+18,,,,,,,
-1e+18,,,,,,,
-1e+18,,,,,,,
-1e+18,,,,,,,
-1e+18,,,,,,,
-49999869.44896853,"(3, 7, 3, 3, 5)",6.0,0.0,41.01123595505618,1000000000.0,41.01123595505618,41.01123595505618
-49999826.92068231,"(3, 3, 6, 4, 3)",7.0,0.0,56.741573033707866,1000000000.0,56.741573033707866,56.741573033707866
-1e+18,,,,,,,
-1e+18,,,,,,,
-1e+18,,,,,,,
-1e+18,,,,,,,
-1e+18,,,,,,,
-1e+18,,,,,,,
-1e+18,,,,,,,
-1e+18,,,,,,,
-1e+18,,,,,,,
-1e+18,,,,,,,
-1e+18,,,,,,,
-1e+18,,,,,,,
-1e+18,,,,,,,
-1e+18,,,,,,,
-1e+18,,,,,,,
-1e+18,,,,,,,
-1e+18,,,,,,,
-1e+18,,,,,,,
-1e+18,,,,,,,
-1e+18,,,,,,,
-1e+18,,,,,,,
-1e+18,,,,,,,
-1e+18,,,,,,,
-1e+18,,,,,,,
-1e+18,,,,,,,
-1e+18,,,,,,,
-1e+18,,,,,,,
-1e+18,,,,,,,
-1e+18,,,,,,,
-1e+18,,,,,,,
-1e+18,,,,,,,
-1e+18,,,,,,,
-1e+18,,,,,,,
-1e+18,,,,,,,
-1e+18,,,,,,,
-1e+18,,,,,,,
-1e+18,,,,,,,
-1e+18,,,,,,,
-1e+18,,,,,,,
-1e+18,,,,,,,
-1e+18,,,,,,,
-1e+18,,,,,,,
-1e+18,,,,,,,
-1e+18,,,,,,,
-1e+18,,,,,,,
-1e+18,,,,,,,
-1e+18,,,,,,,
-1e+18,,,,,,,
-1e+18,,,,,,,
-1e+18,,,,,,,
-1e+18,,,,,,,
-1e+18,,,,,,,
-1e+18,,,,,,,
-1e+18,,,,,,,
-1e+18,,,,,,,
-1e+18,,,,,,,
-1e+18,,,,,,,
-1e+18,,,,,,,
-1e+18,,,,,,,
-1e+18,,,,,,,
-1e+18,,,,,,,
-1e+18,,,,,,,
-1e+18,,,,,,,
-1e+18,,,,,,,
-1e+18,,,,,,,
-1e+18,,,,,,,
-1e+18,,,,,,,
-1e+18,,,,,,,
-1e+18,,,,,,,
-1e+18,,,,,,,
-1e+18,,,,,,,
-1e+18,,,,,,,
-1e+18,,,,,,,
-1e+18,,,,,,,
-1e+18,,,,,,,
-1e+18,,,,,,,
-1e+18,,,,,,,
-1e+18,,,,,,,
-1e+18,,,,,,,
-1e+18,,,,,,,
-1e+18,,,,,,,
-1e+18,,,,,,,
-1e+18,,,,,,,
-1e+18,,,,,,,
-1e+18,,,,,,,
-1e+18,,,,,,,
-1e+18,,,,,,,
-1e+18,,,,,,,
-1e+18,,,,,,,
-1e+18,,,,,,,
-1e+18,,,,,,,
-1e+18,,,,,,,
-1e+18,,,,,,,
-1e+18,,,,,,,
-1e+18,,,,,,,
-1e+18,,,,,,,
-1e+18,,,,,,,
-1e+18,,,,,,,
-1e+18,,,,,,,
-1e+18,,,,,,,
-1e+18,,,,,,,
-1e+18,,,,,,,
-1e+18,,,,,,,
-1e+18,,,,,,,
-1e+18,,,,,,,
-1e+18,,,,,,,
-1e+18,,,,,,,
-1e+18,,,,,,,
-1e+18,,,,,,,
-1e+18,,,,,,,
-1e+18,,,,,,,
-1e+18,,,,,,,
-1e+18,,,,,,,
-1e+18,,,,,,,
-1e+18,,,,,,,
-1e+18,,,,,,,
-1e+18,,,,,,,
-1e+18,,,,,,,
-1e+18,,,,,,,
-1e+18,,,,,,,
-1e+18,,,,,,,
-1e+18,,,,,,,
-1e+18,,,,,,,
-1e+18,,,,,,,
-1e+18,,,,,,,
-1e+18,,,,,,,
-1e+18,,,,,,,
-1e+18,,,,,,,
-1e+18,,,,,,,
-1e+18,,,,,,,
-1e+18,,,,,,,
-1e+18,,,,,,,
-1e+18,,,,,,,
-1e+18,,,,,,,
-1e+18,,,,,,,
-1e+18,,,,,,,
-1e+18,,,,,,,
-1e+18,,,,,,,
-1e+18,,,,,,,
-1e+18,,,,,,,
-49999863.354701675,"(3, 3, 6, 4, 6)",5.0,0.0,43.258426966292134,1000000000.0,43.258426966292134,43.258426966292134
-1e+18,,,,,,,
-1e+18,,,,,,,
-1e+18,,,,,,,
-1e+18,,,,,,,
-1e+18,,,,,,,
-1e+18,,,,,,,
-1e+18,,,,,,,
-1e+18,,,,,,,
-1e+18,,,,,,,
-1e+18,,,,,,,
-1e+18,,,,,,,
-1e+18,,,,,,,
-1e+18,,,,,,,
-1e+18,,,,,,,
-1e+18,,,,,,,
-1e+18,,,,,,,
-1e+18,,,,,,,
-1e+18,,,,,,,
-1e+18,,,,,,,
-1e+18,,,,,,,
-1e+18,,,,,,,
-1e+18,,,,,,,
-1e+18,,,,,,,
-1e+18,,,,,,,
-1e+18,,,,,,,
-1e+18,,,,,,,
-1e+18,,,,,,,
-1e+18,,,,,,,
-1e+18,,,,,,,
-1e+18,,,,,,,
-1e+18,,,,,,,
-1e+18,,,,,,,
-1e+18,,,,,,,
-1e+18,,,,,,,
-49999836.87682913,"(3, 3, 6, 4, 4)",8.0,0.0,53.37078651685393,1000000000.0,53.37078651685393,53.37078651685393
-1e+18,,,,,,,
-1e+18,,,,,,,
-1e+18,,,,,,,
-1e+18,,,,,,,
-1e+18,,,,,,,
-1e+18,,,,,,,
-49999835.38272966,"(3, 3, 3, 6, 4)",5.0,0.0,53.37078651685393,1000000000.0,53.37078651685393,53.37078651685393
-1e+18,,,,,,,
-1e+18,,,,,,,
-1e+18,,,,,,,
-1e+18,,,,,,,
-1e+18,,,,,,,
-1e+18,,,,,,,
-1e+18,,,,,,,
-1e+18,,,,,,,
-1e+18,,,,,,,
-1e+18,,,,,,,
-1e+18,,,,,,,
-1e+18,,,,,,,
-1e+18,,,,,,,
-1e+18,,,,,,,
-1e+18,,,,,,,
-1e+18,,,,,,,
-1e+18,,,,,,,
-1e+18,,,,,,,
-1e+18,,,,,,,
-1e+18,,,,,,,
-49999835.77212673,"(3, 5, 5, 3, 3)",9.0,0.0,53.37078651685393,1000000000.0,53.37078651685393,53.37078651685393
-1e+18,,,,,,,
-1e+18,,,,,,,
-1e+18,,,,,,,
-1e+18,,,,,,,
-1e+18,,,,,,,
-1e+18,,,,,,,
-1e+18,,,,,,,
-1e+18,,,,,,,
-1e+18,,,,,,,
-1e+18,,,,,,,
-1e+18,,,,,,,
-1e+18,,,,,,,
-1e+18,,,,,,,
-1e+18,,,,,,,
-1e+18,,,,,,,
-1e+18,,,,,,,
-1e+18,,,,,,,
-1e+18,,,,,,,
-1e+18,,,,,,,
-1e+18,,,,,,,
-1e+18,,,,,,,
-1e+18,,,,,,,
-1e+18,,,,,,,
-1e+18,,,,,,,
-1e+18,,,,,,,
-1e+18,,,,,,,
-1e+18,,,,,,,
-1e+18,,,,,,,
-1e+18,,,,,,,
-1e+18,,,,,,,
-1e+18,,,,,,,
-1e+18,,,,,,,
-1e+18,,,,,,,
-1e+18,,,,,,,
-1e+18,,,,,,,
-1e+18,,,,,,,
-1e+18,,,,,,,
-1e+18,,,,,,,
-1e+18,,,,,,,
-1e+18,,,,,,,
-1e+18,,,,,,,
-1e+18,,,,,,,
-1e+18,,,,,,,
-49999859.091996565,"(3, 7, 5, 3, 3)",4.0,0.0,44.943820224719104,1000000000.0,44.943820224719104,44.943820224719104
-1e+18,,,,,,,
-1e+18,,,,,,,
-1e+18,,,,,,,
-1e+18,,,,,,,
-1e+18,,,,,,,
-1e+18,,,,,,,
-1e+18,,,,,,,
-1e+18,,,,,,,
-1e+18,,,,,,,
-1e+18,,,,,,,
-1e+18,,,,,,,
-1e+18,,,,,,,
-1e+18,,,,,,,
-1e+18,,,,,,,
-1e+18,,,,,,,
-1e+18,,,,,,,
-1e+18,,,,,,,
-1e+18,,,,,,,
-1e+18,,,,,,,
-1e+18,,,,,,,
-1e+18,,,,,,,
-1e+18,,,,,,,
-1e+18,,,,,,,
-1e+18,,,,,,,
-1e+18,,,,,,,
-1e+18,,,,,,,
-1e+18,,,,,,,
-1e+18,,,,,,,
-1e+18,,,,,,,
-1e+18,,,,,,,
-1e+18,,,,,,,
-1e+18,,,,,,,
-1e+18,,,,,,,
-1e+18,,,,,,,
-1e+18,,,,,,,
-1e+18,,,,,,,
-1e+18,,,,,,,
-1e+18,,,,,,,
-1e+18,,,,,,,
-1e+18,,,,,,,
-1e+18,,,,,,,
-1e+18,,,,,,,
-1e+18,,,,,,,
-1e+18,,,,,,,
-1e+18,,,,,,,
-1e+18,,,,,,,
-1e+18,,,,,,,
-1e+18,,,,,,,
-1e+18,,,,,,,
-1e+18,,,,,,,
-1e+18,,,,,,,
-1e+18,,,,,,,
-1e+18,,,,,,,
-1e+18,,,,,,,
-1e+18,,,,,,,
-1e+18,,,,,,,
-1e+18,,,,,,,
-1e+18,,,,,,,
-49999862.55210511,"(7, 4, 5, 3, 4)",5.0,0.0,43.258426966292134,1000000000.0,43.258426966292134,43.258426966292134
-1e+18,,,,,,,
-1e+18,,,,,,,
-1e+18,,,,,,,
-1e+18,,,,,,,
-1e+18,,,,,,,
-1e+18,,,,,,,
-1e+18,,,,,,,
-1e+18,,,,,,,
-1e+18,,,,,,,
-1e+18,,,,,,,
-1e+18,,,,,,,
-1e+18,,,,,,,
-1e+18,,,,,,,
-1e+18,,,,,,,
-1e+18,,,,,,,
-1e+18,,,,,,,
-1e+18,,,,,,,
-1e+18,,,,,,,
-1e+18,,,,,,,
-1e+18,,,,,,,
-1e+18,,,,,,,
-1e+18,,,,,,,
-1e+18,,,,,,,
-1e+18,,,,,,,
-1e+18,,,,,,,
-1e+18,,,,,,,
-1e+18,,,,,,,
-1e+18,,,,,,,
-1e+18,,,,,,,
-1e+18,,,,,,,
-1e+18,,,,,,,
-1e+18,,,,,,,
-1e+18,,,,,,,
-1e+18,,,,,,,
-1e+18,,,,,,,
-1e+18,,,,,,,
-1e+18,,,,,,,
-1e+18,,,,,,,
-1e+18,,,,,,,
-1e+18,,,,,,,
-1e+18,,,,,,,
-1e+18,,,,,,,
-1e+18,,,,,,,
-1e+18,,,,,,,
-1e+18,,,,,,,
-1e+18,,,,,,,
-1e+18,,,,,,,
-1e+18,,,,,,,
-1e+18,,,,,,,
-1e+18,,,,,,,
-1e+18,,,,,,,
-1e+18,,,,,,,
-1e+18,,,,,,,
-1e+18,,,,,,,
-1e+18,,,,,,,
-1e+18,,,,,,,
-1e+18,,,,,,,
-1e+18,,,,,,,
-1e+18,,,,,,,
-1e+18,,,,,,,
-1e+18,,,,,,,
-1e+18,,,,,,,
-1e+18,,,,,,,
-1e+18,,,,,,,
-1e+18,,,,,,,
-1e+18,,,,,,,
-49999860.448667176,"(3, 3, 6, 6, 3)",9.0,0.0,44.38202247191011,1000000000.0,44.38202247191011,44.38202247191011
-1e+18,,,,,,,
-1e+18,,,,,,,
-1e+18,,,,,,,
-1e+18,,,,,,,
-1e+18,,,,,,,
-1e+18,,,,,,,
-1e+18,,,,,,,
-1e+18,,,,,,,
-1e+18,,,,,,,
-1e+18,,,,,,,
-1e+18,,,,,,,
-1e+18,,,,,,,
-1e+18,,,,,,,
-1e+18,,,,,,,
-1e+18,,,,,,,
-1e+18,,,,,,,
-1e+18,,,,,,,
-1e+18,,,,,,,
-1e+18,,,,,,,
-1e+18,,,,,,,
-1e+18,,,,,,,
-1e+18,,,,,,,
-1e+18,,,,,,,
-1e+18,,,,,,,
-1e+18,,,,,,,
-1e+18,,,,,,,
-1e+18,,,,,,,
-1e+18,,,,,,,
-1e+18,,,,,,,
-1e+18,,,,,,,
-1e+18,,,,,,,
-1e+18,,,,,,,
-1e+18,,,,,,,
-1e+18,,,,,,,
-1e+18,,,,,,,
-1e+18,,,,,,,
-1e+18,,,,,,,
-1e+18,,,,,,,
-1e+18,,,,,,,
-1e+18,,,,,,,
-1e+18,,,,,,,
-1e+18,,,,,,,
-1e+18,,,,,,,
-1e+18,,,,,,,
-1e+18,,,,,,,
-1e+18,,,,,,,
-1e+18,,,,,,,
-1e+18,,,,,,,
-1e+18,,,,,,,
-1e+18,,,,,,,
-1e+18,,,,,,,
-1e+18,,,,,,,
-1e+18,,,,,,,
-1e+18,,,,,,,
-1e+18,,,,,,,
-1e+18,,,,,,,
-1e+18,,,,,,,
-1e+18,,,,,,,
-1e+18,,,,,,,
-1e+18,,,,,,,
-1e+18,,,,,,,
-1e+18,,,,,,,
-1e+18,,,,,,,
-49999876.85852553,"(4, 4, 4, 4, 8)",8.0,0.0,38.20224719101124,1000000000.0,38.20224719101124,38.20224719101124
-1e+18,,,,,,,
-1e+18,,,,,,,
-1e+18,,,,,,,
-1e+18,,,,,,,
-49999872.60967739,"(3, 4, 7, 7, 3)",4.0,0.0,39.8876404494382,1000000000.0,39.8876404494382,39.8876404494382
-49999848.41326338,"(4, 3, 3, 7, 3)",5.0,0.0,48.87640449438202,1000000000.0,48.87640449438202,48.87640449438202
-1e+18,,,,,,,
-1e+18,,,,,,,
-1e+18,,,,,,,
-1e+18,,,,,,,
-1e+18,,,,,,,
-1e+18,,,,,,,
-1e+18,,,,,,,
-1e+18,,,,,,,
-1e+18,,,,,,,
-1e+18,,,,,,,
-1e+18,,,,,,,
-1e+18,,,,,,,
-1e+18,,,,,,,
-1e+18,,,,,,,
-1e+18,,,,,,,
-1e+18,,,,,,,
-1e+18,,,,,,,
-1e+18,,,,,,,
-1e+18,,,,,,,
-1e+18,,,,,,,
-1e+18,,,,,,,
-1e+18,,,,,,,
-1e+18,,,,,,,
-1e+18,,,,,,,
-1e+18,,,,,,,
-1e+18,,,,,,,
-1e+18,,,,,,,
-1e+18,,,,,,,
-1e+18,,,,,,,
-1e+18,,,,,,,
-1e+18,,,,,,,
-1e+18,,,,,,,
-1e+18,,,,,,,
-1e+18,,,,,,,
-1e+18,,,,,,,
-1e+18,,,,,,,
-1e+18,,,,,,,
-1e+18,,,,,,,
-1e+18,,,,,,,
-1e+18,,,,,,,
-1e+18,,,,,,,
-1e+18,,,,,,,
-1e+18,,,,,,,
-1e+18,,,,,,,
-1e+18,,,,,,,
-1e+18,,,,,,,
-1e+18,,,,,,,
-1e+18,,,,,,,
-49999854.57381177,"(3, 3, 4, 3, 9)",9.0,0.0,45.50561797752809,1000000000.0,45.50561797752809,45.50561797752809
-1e+18,,,,,,,
-1e+18,,,,,,,
-1e+18,,,,,,,
-1e+18,,,,,,,
-1e+18,,,,,,,
-1e+18,,,,,,,
-1e+18,,,,,,,
-1e+18,,,,,,,
-1e+18,,,,,,,
-1e+18,,,,,,,
-1e+18,,,,,,,
-1e+18,,,,,,,
-1e+18,,,,,,,
-1e+18,,,,,,,
-1e+18,,,,,,,
-1e+18,,,,,,,
-1e+18,,,,,,,
-1e+18,,,,,,,
-1e+18,,,,,,,
-1e+18,,,,,,,
-1e+18,,,,,,,
-1e+18,,,,,,,
-1e+18,,,,,,,
-1e+18,,,,,,,
-1e+18,,,,,,,
-1e+18,,,,,,,
-1e+18,,,,,,,
-1e+18,,,,,,,
-1e+18,,,,,,,
-1e+18,,,,,,,
-1e+18,,,,,,,
-1e+18,,,,,,,
-1e+18,,,,,,,
-1e+18,,,,,,,
-1e+18,,,,,,,
-1e+18,,,,,,,
-1e+18,,,,,,,
-1e+18,,,,,,,
-1e+18,,,,,,,
-1e+18,,,,,,,
-1e+18,,,,,,,
-1e+18,,,,,,,
-1e+18,,,,,,,
-1e+18,,,,,,,
-1e+18,,,,,,,
-1e+18,,,,,,,
-1e+18,,,,,,,
-1e+18,,,,,,,
-1e+18,,,,,,,
-1e+18,,,,,,,
-1e+18,,,,,,,
-1e+18,,,,,,,
-1e+18,,,,,,,
-1e+18,,,,,,,
-1e+18,,,,,,,
-1e+18,,,,,,,
-1e+18,,,,,,,
-1e+18,,,,,,,
-1e+18,,,,,,,
-1e+18,,,,,,,
-1e+18,,,,,,,
-1e+18,,,,,,,
-49999835.65056091,"(4, 5, 3, 4, 4)",7.0,0.0,53.37078651685393,1000000000.0,53.37078651685393,53.37078651685393
-1e+18,,,,,,,
-1e+18,,,,,,,
-1e+18,,,,,,,
-1e+18,,,,,,,
-1e+18,,,,,,,
-1e+18,,,,,,,
-1e+18,,,,,,,
-1e+18,,,,,,,
-1e+18,,,,,,,
-1e+18,,,,,,,
-1e+18,,,,,,,
-1e+18,,,,,,,
-1e+18,,,,,,,
-1e+18,,,,,,,
-1e+18,,,,,,,
-1e+18,,,,,,,
-1e+18,,,,,,,
-1e+18,,,,,,,
-1e+18,,,,,,,
-1e+18,,,,,,,
-1e+18,,,,,,,
-1e+18,,,,,,,
-1e+18,,,,,,,
-1e+18,,,,,,,
-1e+18,,,,,,,
-1e+18,,,,,,,
-1e+18,,,,,,,
-1e+18,,,,,,,
-1e+18,,,,,,,
-1e+18,,,,,,,
-1e+18,,,,,,,
-1e+18,,,,,,,
-1e+18,,,,,,,
-1e+18,,,,,,,
-1e+18,,,,,,,
-1e+18,,,,,,,
-1e+18,,,,,,,
-1e+18,,,,,,,
-1e+18,,,,,,,
-1e+18,,,,,,,
-1e+18,,,,,,,
-1e+18,,,,,,,
-1e+18,,,,,,,
-1e+18,,,,,,,
-1e+18,,,,,,,
-1e+18,,,,,,,
-1e+18,,,,,,,
-1e+18,,,,,,,
-1e+18,,,,,,,
-1e+18,,,,,,,
-1e+18,,,,,,,
-1e+18,,,,,,,
-1e+18,,,,,,,
-49999850.354873605,"(6, 3, 4, 4, 3)",8.0,0.0,48.87640449438202,1000000000.0,48.87640449438202,48.87640449438202
-1e+18,,,,,,,
-1e+18,,,,,,,
-1e+18,,,,,,,
-1e+18,,,,,,,
-1e+18,,,,,,,
-1e+18,,,,,,,
-1e+18,,,,,,,
-1e+18,,,,,,,
-1e+18,,,,,,,
-1e+18,,,,,,,
-1e+18,,,,,,,
-1e+18,,,,,,,
-1e+18,,,,,,,
-1e+18,,,,,,,
-1e+18,,,,,,,
-1e+18,,,,,,,
-1e+18,,,,,,,
-1e+18,,,,,,,
-1e+18,,,,,,,
-1e+18,,,,,,,
-1e+18,,,,,,,
-1e+18,,,,,,,
-1e+18,,,,,,,
-1e+18,,,,,,,
-1e+18,,,,,,,
-1e+18,,,,,,,
-1e+18,,,,,,,
-1e+18,,,,,,,
-1e+18,,,,,,,
-1e+18,,,,,,,
-1e+18,,,,,,,
-1e+18,,,,,,,
-1e+18,,,,,,,
-1e+18,,,,,,,
-1e+18,,,,,,,
-1e+18,,,,,,,
-1e+18,,,,,,,
-1e+18,,,,,,,
-49999859.43287644,"(4, 3, 8, 4, 3)",6.0,0.0,44.38202247191011,1000000000.0,44.38202247191011,44.38202247191011
-1e+18,,,,,,,
-1e+18,,,,,,,
-1e+18,,,,,,,
-1e+18,,,,,,,
-1e+18,,,,,,,
-1e+18,,,,,,,
-1e+18,,,,,,,
-1e+18,,,,,,,
-1e+18,,,,,,,
-1e+18,,,,,,,
-1e+18,,,,,,,
-1e+18,,,,,,,
-1e+18,,,,,,,
-49999854.21198131,"(4, 3, 7, 3, 4)",6.0,0.0,46.06741573033708,1000000000.0,46.06741573033708,46.06741573033708
-1e+18,,,,,,,
-49999846.77565887,"(3, 4, 3, 7, 4)",3.0,0.0,49.438202247191015,1000000000.0,49.438202247191015,49.438202247191015
-1e+18,,,,,,,
-1e+18,,,,,,,
-1e+18,,,,,,,
-1e+18,,,,,,,
-1e+18,,,,,,,
-1e+18,,,,,,,
-1e+18,,,,,,,
-1e+18,,,,,,,
-1e+18,,,,,,,
-1e+18,,,,,,,
-1e+18,,,,,,,
-1e+18,,,,,,,
-1e+18,,,,,,,
-1e+18,,,,,,,
-1e+18,,,,,,,
-1e+18,,,,,,,
-1e+18,,,,,,,
-1e+18,,,,,,,
-1e+18,,,,,,,
-1e+18,,,,,,,
-1e+18,,,,,,,
-1e+18,,,,,,,
-1e+18,,,,,,,
-1e+18,,,,,,,
-1e+18,,,,,,,
-1e+18,,,,,,,
-1e+18,,,,,,,
-1e+18,,,,,,,
-1e+18,,,,,,,
-1e+18,,,,,,,
-1e+18,,,,,,,
-1e+18,,,,,,,
-1e+18,,,,,,,
-1e+18,,,,,,,
-1e+18,,,,,,,
-1e+18,,,,,,,
-1e+18,,,,,,,
-1e+18,,,,,,,
-49999850.53325587,"(3, 4, 3, 4, 8)",9.0,0.0,47.19101123595506,1000000000.0,47.19101123595506,47.19101123595506
-1e+18,,,,,,,
-1e+18,,,,,,,
-1e+18,,,,,,,
-1e+18,,,,,,,
-1e+18,,,,,,,
-1e+18,,,,,,,
-1e+18,,,,,,,
-1e+18,,,,,,,
-1e+18,,,,,,,
-1e+18,,,,,,,
-1e+18,,,,,,,
-1e+18,,,,,,,
-1e+18,,,,,,,
-1e+18,,,,,,,
-1e+18,,,,,,,
-1e+18,,,,,,,
-1e+18,,,,,,,
-1e+18,,,,,,,
-1e+18,,,,,,,
-1e+18,,,,,,,
-1e+18,,,,,,,
-49999857.76090843,"(3, 3, 5, 4, 7)",3.0,0.0,45.50561797752809,1000000000.0,45.50561797752809,45.50561797752809
-1e+18,,,,,,,
-1e+18,,,,,,,
-1e+18,,,,,,,
-1e+18,,,,,,,
-1e+18,,,,,,,
-1e+18,,,,,,,
-1e+18,,,,,,,
-1e+18,,,,,,,
-1e+18,,,,,,,
-1e+18,,,,,,,
-1e+18,,,,,,,
-1e+18,,,,,,,
-1e+18,,,,,,,
-1e+18,,,,,,,
-1e+18,,,,,,,
-1e+18,,,,,,,
-1e+18,,,,,,,
-1e+18,,,,,,,
-1e+18,,,,,,,
-1e+18,,,,,,,
-1e+18,,,,,,,
-1e+18,,,,,,,
-1e+18,,,,,,,
-49999835.27143061,"(5, 3, 3, 4, 4)",5.0,0.0,53.932584269662925,1000000000.0,53.932584269662925,53.932584269662925
-1e+18,,,,,,,
-1e+18,,,,,,,
-1e+18,,,,,,,
-1e+18,,,,,,,
-1e+18,,,,,,,
-1e+18,,,,,,,
-1e+18,,,,,,,
-49999839.796044566,"(6, 3, 5, 3, 3)",5.0,0.0,52.247191011235955,1000000000.0,52.247191011235955,52.247191011235955
-1e+18,,,,,,,
-1e+18,,,,,,,
-1e+18,,,,,,,
-1e+18,,,,,,,
-1e+18,,,,,,,
-1e+18,,,,,,,
-1e+18,,,,,,,
-1e+18,,,,,,,
-1e+18,,,,,,,
-1e+18,,,,,,,
-1e+18,,,,,,,
-1e+18,,,,,,,
-1e+18,,,,,,,
-1e+18,,,,,,,
-1e+18,,,,,,,
-1e+18,,,,,,,
-1e+18,,,,,,,
-1e+18,,,,,,,
-1e+18,,,,,,,
-1e+18,,,,,,,
-1e+18,,,,,,,
-1e+18,,,,,,,
-1e+18,,,,,,,
-1e+18,,,,,,,
-1e+18,,,,,,,
-1e+18,,,,,,,
-1e+18,,,,,,,
-1e+18,,,,,,,
-1e+18,,,,,,,
-1e+18,,,,,,,
-1e+18,,,,,,,
-1e+18,,,,,,,
-1e+18,,,,,,,
-1e+18,,,,,,,
-1e+18,,,,,,,
-1e+18,,,,,,,
-1e+18,,,,,,,
-1e+18,,,,,,,
-1e+18,,,,,,,
-1e+18,,,,,,,
-1e+18,,,,,,,
-1e+18,,,,,,,
-1e+18,,,,,,,
-1e+18,,,,,,,
-1e+18,,,,,,,
-1e+18,,,,,,,
-1e+18,,,,,,,
-1e+18,,,,,,,
-1e+18,,,,,,,
-1e+18,,,,,,,
-1e+18,,,,,,,
-1e+18,,,,,,,
-1e+18,,,,,,,
-1e+18,,,,,,,
-1e+18,,,,,,,
-1e+18,,,,,,,
-1e+18,,,,,,,
-1e+18,,,,,,,
-1e+18,,,,,,,
-1e+18,,,,,,,
-1e+18,,,,,,,
-1e+18,,,,,,,
-1e+18,,,,,,,
-1e+18,,,,,,,
-1e+18,,,,,,,
-49999871.3638933,"(6, 4, 4, 4, 5)",6.0,0.0,40.449438202247194,1000000000.0,40.449438202247194,40.449438202247194
-1e+18,,,,,,,
-1e+18,,,,,,,
-1e+18,,,,,,,
-1e+18,,,,,,,
-1e+18,,,,,,,
-1e+18,,,,,,,
-1e+18,,,,,,,
-1e+18,,,,,,,
-1e+18,,,,,,,
-1e+18,,,,,,,
-1e+18,,,,,,,
-49999854.57381177,"(3, 3, 4, 3, 9)",3.0,0.0,45.50561797752809,1000000000.0,45.50561797752809,45.50561797752809
-1e+18,,,,,,,
-1e+18,,,,,,,
-49999879.25679068,"(3, 4, 6, 3, 8)",5.0,0.0,37.07865168539326,1000000000.0,37.07865168539326,37.07865168539326
-49999873.614175,"(4, 4, 6, 3, 7)",4.0,0.0,39.325842696629216,1000000000.0,39.325842696629216,39.325842696629216
-1e+18,,,,,,,
-1e+18,,,,,,,
-1e+18,,,,,,,
-1e+18,,,,,,,
-1e+18,,,,,,,
-1e+18,,,,,,,
-1e+18,,,,,,,
-1e+18,,,,,,,
-1e+18,,,,,,,
-1e+18,,,,,,,
-1e+18,,,,,,,
-1e+18,,,,,,,
-1e+18,,,,,,,
-1e+18,,,,,,,
-1e+18,,,,,,,
-1e+18,,,,,,,
-1e+18,,,,,,,
-1e+18,,,,,,,
-1e+18,,,,,,,
-1e+18,,,,,,,
-1e+18,,,,,,,
-1e+18,,,,,,,
-1e+18,,,,,,,
-1e+18,,,,,,,
-1e+18,,,,,,,
-1e+18,,,,,,,
-1e+18,,,,,,,
-1e+18,,,,,,,
-1e+18,,,,,,,
-1e+18,,,,,,,
-1e+18,,,,,,,
-1e+18,,,,,,,
-1e+18,,,,,,,
-1e+18,,,,,,,
-1e+18,,,,,,,
-1e+18,,,,,,,
-1e+18,,,,,,,
-1e+18,,,,,,,
-1e+18,,,,,,,
-1e+18,,,,,,,
-1e+18,,,,,,,
-1e+18,,,,,,,
-1e+18,,,,,,,
-1e+18,,,,,,,
-1e+18,,,,,,,
-1e+18,,,,,,,
-1e+18,,,,,,,
-1e+18,,,,,,,
-1e+18,,,,,,,
-1e+18,,,,,,,
-1e+18,,,,,,,
-1e+18,,,,,,,
-1e+18,,,,,,,
-1e+18,,,,,,,
-1e+18,,,,,,,
-1e+18,,,,,,,
-1e+18,,,,,,,
-1e+18,,,,,,,
-1e+18,,,,,,,
-1e+18,,,,,,,
-1e+18,,,,,,,
-1e+18,,,,,,,
-1e+18,,,,,,,
-1e+18,,,,,,,
-1e+18,,,,,,,
-1e+18,,,,,,,
-49999858.437244736,"(7, 3, 4, 4, 3)",7.0,0.0,45.50561797752809,1000000000.0,45.50561797752809,45.50561797752809
-1e+18,,,,,,,
-1e+18,,,,,,,
-1e+18,,,,,,,
-1e+18,,,,,,,
-1e+18,,,,,,,
-1e+18,,,,,,,
-1e+18,,,,,,,
-49999850.83274807,"(9, 3, 3, 3, 3)",8.0,0.0,47.752808988764045,1000000000.0,47.752808988764045,47.752808988764045
-1e+18,,,,,,,
-1e+18,,,,,,,
-1e+18,,,,,,,
-1e+18,,,,,,,
-1e+18,,,,,,,
-1e+18,,,,,,,
-1e+18,,,,,,,
-1e+18,,,,,,,
-1e+18,,,,,,,
-1e+18,,,,,,,
-1e+18,,,,,,,
-1e+18,,,,,,,
-1e+18,,,,,,,
-1e+18,,,,,,,
-1e+18,,,,,,,
-1e+18,,,,,,,
-1e+18,,,,,,,
-1e+18,,,,,,,
-1e+18,,,,,,,
-1e+18,,,,,,,
-1e+18,,,,,,,
-1e+18,,,,,,,
-1e+18,,,,,,,
-1e+18,,,,,,,
-1e+18,,,,,,,
-1e+18,,,,,,,
-1e+18,,,,,,,
-1e+18,,,,,,,
-1e+18,,,,,,,
-1e+18,,,,,,,
-1e+18,,,,,,,
-1e+18,,,,,,,
-1e+18,,,,,,,
-1e+18,,,,,,,
-1e+18,,,,,,,
-1e+18,,,,,,,
-1e+18,,,,,,,
-1e+18,,,,,,,
-1e+18,,,,,,,
-1e+18,,,,,,,
-1e+18,,,,,,,
-1e+18,,,,,,,
-1e+18,,,,,,,
-49999817.14205766,"(3, 4, 5, 3, 3)",4.0,0.0,60.674157303370784,1000000000.0,60.674157303370784,60.674157303370784
-1e+18,,,,,,,
-1e+18,,,,,,,
-1e+18,,,,,,,
-1e+18,,,,,,,
-49999866.863149166,"(5, 3, 3, 7, 4)",6.0,0.0,42.13483146067416,1000000000.0,42.13483146067416,42.13483146067416
-1e+18,,,,,,,
-1e+18,,,,,,,
-1e+18,,,,,,,
-49999872.52200264,"(4, 5, 4, 3, 6)",3.0,0.0,39.8876404494382,1000000000.0,39.8876404494382,39.8876404494382
-1e+18,,,,,,,
-1e+18,,,,,,,
-1e+18,,,,,,,
-1e+18,,,,,,,
-1e+18,,,,,,,
-1e+18,,,,,,,
-1e+18,,,,,,,
-1e+18,,,,,,,
-1e+18,,,,,,,
-1e+18,,,,,,,
-1e+18,,,,,,,
-1e+18,,,,,,,
-1e+18,,,,,,,
-1e+18,,,,,,,
-1e+18,,,,,,,
-1e+18,,,,,,,
-1e+18,,,,,,,
-1e+18,,,,,,,
-1e+18,,,,,,,
-1e+18,,,,,,,
-1e+18,,,,,,,
-1e+18,,,,,,,
-1e+18,,,,,,,
-49999854.23324688,"(3, 4, 5, 3, 6)",8.0,0.0,46.62921348314607,1000000000.0,46.62921348314607,46.62921348314607
-1e+18,,,,,,,
-1e+18,,,,,,,
-1e+18,,,,,,,
-1e+18,,,,,,,
-1e+18,,,,,,,
-1e+18,,,,,,,
-1e+18,,,,,,,
-1e+18,,,,,,,
-1e+18,,,,,,,
-1e+18,,,,,,,
-1e+18,,,,,,,
-1e+18,,,,,,,
-1e+18,,,,,,,
-1e+18,,,,,,,
-1e+18,,,,,,,
-1e+18,,,,,,,
-1e+18,,,,,,,
-1e+18,,,,,,,
-1e+18,,,,,,,
-1e+18,,,,,,,
-1e+18,,,,,,,
-1e+18,,,,,,,
-1e+18,,,,,,,
-49999832.098575495,"(4, 3, 7, 3, 3)",9.0,0.0,53.932584269662925,1000000000.0,53.932584269662925,53.932584269662925
-1e+18,,,,,,,
-1e+18,,,,,,,
-1e+18,,,,,,,
-1e+18,,,,,,,
-1e+18,,,,,,,
-1e+18,,,,,,,
-1e+18,,,,,,,
-1e+18,,,,,,,
-1e+18,,,,,,,
-1e+18,,,,,,,
-1e+18,,,,,,,
-1e+18,,,,,,,
-1e+18,,,,,,,
-1e+18,,,,,,,
-1e+18,,,,,,,
-1e+18,,,,,,,
-1e+18,,,,,,,
-1e+18,,,,,,,
-1e+18,,,,,,,
-1e+18,,,,,,,
-1e+18,,,,,,,
-1e+18,,,,,,,
-1e+18,,,,,,,
-1e+18,,,,,,,
-1e+18,,,,,,,
-1e+18,,,,,,,
-1e+18,,,,,,,
-1e+18,,,,,,,
-1e+18,,,,,,,
-1e+18,,,,,,,
-1e+18,,,,,,,
-1e+18,,,,,,,
-1e+18,,,,,,,
-49999813.246695764,"(4, 4, 3, 3, 4)",4.0,0.0,61.79775280898876,1000000000.0,61.79775280898876,61.79775280898876
-1e+18,,,,,,,
-49999861.1652879,"(6, 4, 7, 3, 3)",6.0,0.0,43.82022471910113,1000000000.0,43.82022471910113,43.82022471910113
-1e+18,,,,,,,
-1e+18,,,,,,,
-1e+18,,,,,,,
-1e+18,,,,,,,
-1e+18,,,,,,,
-1e+18,,,,,,,
-1e+18,,,,,,,
-1e+18,,,,,,,
-1e+18,,,,,,,
-1e+18,,,,,,,
-1e+18,,,,,,,
-1e+18,,,,,,,
-1e+18,,,,,,,
-1e+18,,,,,,,
-1e+18,,,,,,,
-1e+18,,,,,,,
-1e+18,,,,,,,
-1e+18,,,,,,,
-49999854.23324688,"(3, 4, 5, 3, 6)",4.0,0.0,46.62921348314607,1000000000.0,46.62921348314607,46.62921348314607
-1e+18,,,,,,,
-49999861.62233976,"(3, 5, 4, 3, 5)",3.0,0.0,43.82022471910113,1000000000.0,43.82022471910113,43.82022471910113
-1e+18,,,,,,,
-1e+18,,,,,,,
-1e+18,,,,,,,
-1e+18,,,,,,,
-1e+18,,,,,,,
-1e+18,,,,,,,
-1e+18,,,,,,,
-1e+18,,,,,,,
-1e+18,,,,,,,
-1e+18,,,,,,,
-1e+18,,,,,,,
-1e+18,,,,,,,
-1e+18,,,,,,,
-1e+18,,,,,,,
-49999848.108790964,"(9, 3, 3, 3, 4)",3.0,0.0,48.31460674157304,1000000000.0,48.31460674157304,48.31460674157304
-1e+18,,,,,,,
-1e+18,,,,,,,
-1e+18,,,,,,,
-1e+18,,,,,,,
-1e+18,,,,,,,
-1e+18,,,,,,,
-1e+18,,,,,,,
-1e+18,,,,,,,
-1e+18,,,,,,,
-1e+18,,,,,,,
-1e+18,,,,,,,
-1e+18,,,,,,,
-1e+18,,,,,,,
-1e+18,,,,,,,
-1e+18,,,,,,,
-1e+18,,,,,,,
-1e+18,,,,,,,
-1e+18,,,,,,,
-1e+18,,,,,,,
-1e+18,,,,,,,
-1e+18,,,,,,,
-1e+18,,,,,,,
-1e+18,,,,,,,
-1e+18,,,,,,,
-1e+18,,,,,,,
-49999843.280234985,"(3, 4, 5, 3, 5)",4.0,0.0,50.56179775280899,1000000000.0,50.56179775280899,50.56179775280899
-1e+18,,,,,,,
-1e+18,,,,,,,
-1e+18,,,,,,,
-1e+18,,,,,,,
-1e+18,,,,,,,
-1e+18,,,,,,,
-1e+18,,,,,,,
-49999857.02633012,"(3, 3, 5, 6, 3)",7.0,0.0,46.06741573033708,1000000000.0,46.06741573033708,46.06741573033708
-1e+18,,,,,,,
-1e+18,,,,,,,
-1e+18,,,,,,,
-1e+18,,,,,,,
-1e+18,,,,,,,
-1e+18,,,,,,,
-1e+18,,,,,,,
-1e+18,,,,,,,
-1e+18,,,,,,,
-1e+18,,,,,,,
-1e+18,,,,,,,
-1e+18,,,,,,,
-1e+18,,,,,,,
-49999850.5076463,"(5, 3, 5, 4, 3)",8.0,0.0,48.31460674157304,1000000000.0,48.31460674157304,48.31460674157304
-1e+18,,,,,,,
-1e+18,,,,,,,
-1e+18,,,,,,,
-1e+18,,,,,,,
-1e+18,,,,,,,
-1e+18,,,,,,,
-1e+18,,,,,,,
-1e+18,,,,,,,
-1e+18,,,,,,,
-1e+18,,,,,,,
-1e+18,,,,,,,
-1e+18,,,,,,,
-1e+18,,,,,,,
-1e+18,,,,,,,
-1e+18,,,,,,,
-1e+18,,,,,,,
-1e+18,,,,,,,
-1e+18,,,,,,,
-1e+18,,,,,,,
-1e+18,,,,,,,
-1e+18,,,,,,,
-1e+18,,,,,,,
-1e+18,,,,,,,
-1e+18,,,,,,,
-1e+18,,,,,,,
-49999844.817291245,"(5, 4, 4, 3, 3)",8.0,0.0,50.56179775280899,1000000000.0,50.56179775280899,50.56179775280899
-1e+18,,,,,,,
-1e+18,,,,,,,
-1e+18,,,,,,,
-1e+18,,,,,,,
-1e+18,,,,,,,
-1e+18,,,,,,,
-49999859.752361566,"(4, 8, 3, 3, 3)",8.0,0.0,44.9438202247191,1000000000.0,44.9438202247191,44.9438202247191
-1e+18,,,,,,,
-1e+18,,,,,,,
-1e+18,,,,,,,
-1e+18,,,,,,,
-1e+18,,,,,,,
-49999845.120533176,"(3, 5, 5, 4, 3)",3.0,0.0,50.0,1000000000.0,50.0,50.0
-1e+18,,,,,,,
-1e+18,,,,,,,
-1e+18,,,,,,,
-1e+18,,,,,,,
-1e+18,,,,,,,
-1e+18,,,,,,,
-1e+18,,,,,,,
-1e+18,,,,,,,
-1e+18,,,,,,,
-1e+18,,,,,,,
-1e+18,,,,,,,
-1e+18,,,,,,,
-1e+18,,,,,,,
-1e+18,,,,,,,
-1e+18,,,,,,,
-1e+18,,,,,,,
-1e+18,,,,,,,
-1e+18,,,,,,,
-1e+18,,,,,,,
-1e+18,,,,,,,
-1e+18,,,,,,,
-1e+18,,,,,,,
-1e+18,,,,,,,
-1e+18,,,,,,,
-1e+18,,,,,,,
-1e+18,,,,,,,
-1e+18,,,,,,,
-1e+18,,,,,,,
-1e+18,,,,,,,
-1e+18,,,,,,,
-1e+18,,,,,,,
-49999873.33611308,"(3, 3, 3, 5, 8)",5.0,0.0,39.325842696629216,1000000000.0,39.325842696629216,39.325842696629216
-1e+18,,,,,,,
-1e+18,,,,,,,
-1e+18,,,,,,,
-1e+18,,,,,,,
-1e+18,,,,,,,
-1e+18,,,,,,,
-1e+18,,,,,,,
-1e+18,,,,,,,
-1e+18,,,,,,,
-1e+18,,,,,,,
-1e+18,,,,,,,
-1e+18,,,,,,,
-1e+18,,,,,,,
-1e+18,,,,,,,
-1e+18,,,,,,,
-1e+18,,,,,,,
-1e+18,,,,,,,
-1e+18,,,,,,,
-1e+18,,,,,,,
-1e+18,,,,,,,
-1e+18,,,,,,,
-1e+18,,,,,,,
-1e+18,,,,,,,
-1e+18,,,,,,,
-1e+18,,,,,,,
-1e+18,,,,,,,
-1e+18,,,,,,,
-1e+18,,,,,,,
-49999870.49867879,"(3, 3, 3, 4, 9)",5.0,0.0,40.449438202247194,1000000000.0,40.449438202247194,40.449438202247194
-1e+18,,,,,,,
-1e+18,,,,,,,
-1e+18,,,,,,,
-1e+18,,,,,,,
-1e+18,,,,,,,
-1e+18,,,,,,,
-1e+18,,,,,,,
-1e+18,,,,,,,
-1e+18,,,,,,,
-1e+18,,,,,,,
-1e+18,,,,,,,
-1e+18,,,,,,,
-1e+18,,,,,,,
-1e+18,,,,,,,
-1e+18,,,,,,,
-1e+18,,,,,,,
-1e+18,,,,,,,
-1e+18,,,,,,,
-1e+18,,,,,,,
-1e+18,,,,,,,
-1e+18,,,,,,,
-49999872.36511544,"(5, 4, 6, 3, 5)",5.0,0.0,39.8876404494382,1000000000.0,39.8876404494382,39.8876404494382
-1e+18,,,,,,,
-1e+18,,,,,,,
-1e+18,,,,,,,
-1e+18,,,,,,,
-1e+18,,,,,,,
-1e+18,,,,,,,
-49999836.45357401,"(4, 3, 5, 4, 3)",5.0,0.0,53.37078651685393,1000000000.0,53.37078651685393,53.37078651685393
-1e+18,,,,,,,
-1e+18,,,,,,,
-1e+18,,,,,,,
-1e+18,,,,,,,
-1e+18,,,,,,,
-1e+18,,,,,,,
-1e+18,,,,,,,
-1e+18,,,,,,,
-1e+18,,,,,,,
-1e+18,,,,,,,
-1e+18,,,,,,,
-1e+18,,,,,,,
-1e+18,,,,,,,
-1e+18,,,,,,,
-1e+18,,,,,,,
-1e+18,,,,,,,
-1e+18,,,,,,,
-49999862.26055217,"(3, 3, 6, 8, 3)",4.0,0.0,43.82022471910113,1000000000.0,43.82022471910113,43.82022471910113
-1e+18,,,,,,,
-1e+18,,,,,,,
-1e+18,,,,,,,
-1e+18,,,,,,,
-49999853.52553794,"(4, 3, 4, 4, 7)",5.0,0.0,46.62921348314607,1000000000.0,46.62921348314607,46.62921348314607
-1e+18,,,,,,,
-1e+18,,,,,,,
-1e+18,,,,,,,
-1e+18,,,,,,,
-1e+18,,,,,,,
-1e+18,,,,,,,
-1e+18,,,,,,,
-1e+18,,,,,,,
-1e+18,,,,,,,
-1e+18,,,,,,,
-1e+18,,,,,,,
-1e+18,,,,,,,
-1e+18,,,,,,,
-1e+18,,,,,,,
-49999875.30303906,"(5, 3, 3, 4, 8)",9.0,0.0,38.764044943820224,1000000000.0,38.764044943820224,38.764044943820224
-1e+18,,,,,,,
-1e+18,,,,,,,
-1e+18,,,,,,,
-1e+18,,,,,,,
-1e+18,,,,,,,
-1e+18,,,,,,,
-1e+18,,,,,,,
-1e+18,,,,,,,
-1e+18,,,,,,,
-1e+18,,,,,,,
-1e+18,,,,,,,
-1e+18,,,,,,,
-1e+18,,,,,,,
-1e+18,,,,,,,
-1e+18,,,,,,,
-1e+18,,,,,,,
-1e+18,,,,,,,
-1e+18,,,,,,,
-1e+18,,,,,,,
-1e+18,,,,,,,
-1e+18,,,,,,,
-1e+18,,,,,,,
-1e+18,,,,,,,
-1e+18,,,,,,,
-1e+18,,,,,,,
-1e+18,,,,,,,
-1e+18,,,,,,,
-1e+18,,,,,,,
-1e+18,,,,,,,
-1e+18,,,,,,,
-1e+18,,,,,,,
-1e+18,,,,,,,
-1e+18,,,,,,,
-1e+18,,,,,,,
-1e+18,,,,,,,
-1e+18,,,,,,,
-1e+18,,,,,,,
-1e+18,,,,,,,
-1e+18,,,,,,,
-1e+18,,,,,,,
-1e+18,,,,,,,
-1e+18,,,,,,,
-1e+18,,,,,,,
-1e+18,,,,,,,
-1e+18,,,,,,,
-1e+18,,,,,,,
-1e+18,,,,,,,
-1e+18,,,,,,,
-1e+18,,,,,,,
-1e+18,,,,,,,
-1e+18,,,,,,,
-1e+18,,,,,,,
-1e+18,,,,,,,
-1e+18,,,,,,,
-1e+18,,,,,,,
-1e+18,,,,,,,
-1e+18,,,,,,,
-1e+18,,,,,,,
-1e+18,,,,,,,
-1e+18,,,,,,,
-1e+18,,,,,,,
-1e+18,,,,,,,
-1e+18,,,,,,,
-49999862.87478689,"(9, 3, 4, 3, 3)",5.0,0.0,43.258426966292134,1000000000.0,43.258426966292134,43.258426966292134
-49999870.96746546,"(6, 4, 3, 6, 4)",5.0,0.0,40.449438202247194,1000000000.0,40.449438202247194,40.449438202247194
-1e+18,,,,,,,
-1e+18,,,,,,,
-1e+18,,,,,,,
-1e+18,,,,,,,
-1e+18,,,,,,,
-1e+18,,,,,,,
-1e+18,,,,,,,
-1e+18,,,,,,,
-1e+18,,,,,,,
-1e+18,,,,,,,
-1e+18,,,,,,,
-1e+18,,,,,,,
-1e+18,,,,,,,
-1e+18,,,,,,,
-1e+18,,,,,,,
-1e+18,,,,,,,
-1e+18,,,,,,,
-1e+18,,,,,,,
-1e+18,,,,,,,
-1e+18,,,,,,,
-1e+18,,,,,,,
-1e+18,,,,,,,
-1e+18,,,,,,,
-1e+18,,,,,,,
-1e+18,,,,,,,
-1e+18,,,,,,,
-1e+18,,,,,,,
-1e+18,,,,,,,
-1e+18,,,,,,,
-1e+18,,,,,,,
-1e+18,,,,,,,
-1e+18,,,,,,,
-1e+18,,,,,,,
-1e+18,,,,,,,
-1e+18,,,,,,,
-1e+18,,,,,,,
-1e+18,,,,,,,
-1e+18,,,,,,,
-1e+18,,,,,,,
-1e+18,,,,,,,
-1e+18,,,,,,,
-1e+18,,,,,,,
-1e+18,,,,,,,
-1e+18,,,,,,,
-1e+18,,,,,,,
-1e+18,,,,,,,
-49999847.343922965,"(8, 3, 3, 3, 4)",3.0,0.0,48.87640449438202,1000000000.0,48.87640449438202,48.87640449438202
-1e+18,,,,,,,
-1e+18,,,,,,,
-1e+18,,,,,,,
-1e+18,,,,,,,
-1e+18,,,,,,,
-1e+18,,,,,,,
-1e+18,,,,,,,
-1e+18,,,,,,,
-1e+18,,,,,,,
-1e+18,,,,,,,
-1e+18,,,,,,,
-1e+18,,,,,,,
-1e+18,,,,,,,
-1e+18,,,,,,,
-1e+18,,,,,,,
-1e+18,,,,,,,
-1e+18,,,,,,,
-1e+18,,,,,,,
-1e+18,,,,,,,
-1e+18,,,,,,,
-1e+18,,,,,,,
-1e+18,,,,,,,
-1e+18,,,,,,,
-1e+18,,,,,,,
-1e+18,,,,,,,
-1e+18,,,,,,,
-1e+18,,,,,,,
-1e+18,,,,,,,
-1e+18,,,,,,,
-1e+18,,,,,,,
-1e+18,,,,,,,
-1e+18,,,,,,,
-1e+18,,,,,,,
-1e+18,,,,,,,
-1e+18,,,,,,,
-1e+18,,,,,,,
-1e+18,,,,,,,
-1e+18,,,,,,,
-1e+18,,,,,,,
-1e+18,,,,,,,
-1e+18,,,,,,,
-1e+18,,,,,,,
-1e+18,,,,,,,
-1e+18,,,,,,,
-1e+18,,,,,,,
-1e+18,,,,,,,
-1e+18,,,,,,,
-1e+18,,,,,,,
-1e+18,,,,,,,
-1e+18,,,,,,,
-1e+18,,,,,,,
-1e+18,,,,,,,
-1e+18,,,,,,,
-1e+18,,,,,,,
-1e+18,,,,,,,
-1e+18,,,,,,,
-1e+18,,,,,,,
-1e+18,,,,,,,
-1e+18,,,,,,,
-1e+18,,,,,,,
-1e+18,,,,,,,
-1e+18,,,,,,,
-49999824.979456626,"(6, 4, 3, 3, 3)",4.0,0.0,57.86516853932584,1000000000.0,57.86516853932584,57.86516853932584
-1e+18,,,,,,,
-1e+18,,,,,,,
-1e+18,,,,,,,
-1e+18,,,,,,,
-1e+18,,,,,,,
-1e+18,,,,,,,
-1e+18,,,,,,,
-1e+18,,,,,,,
-1e+18,,,,,,,
-1e+18,,,,,,,
-1e+18,,,,,,,
-1e+18,,,,,,,
-1e+18,,,,,,,
-1e+18,,,,,,,
-1e+18,,,,,,,
-1e+18,,,,,,,
-1e+18,,,,,,,
-1e+18,,,,,,,
-1e+18,,,,,,,
-1e+18,,,,,,,
-1e+18,,,,,,,
-1e+18,,,,,,,
-1e+18,,,,,,,
-1e+18,,,,,,,
-1e+18,,,,,,,
-1e+18,,,,,,,
-1e+18,,,,,,,
-1e+18,,,,,,,
-1e+18,,,,,,,
-1e+18,,,,,,,
-1e+18,,,,,,,
-1e+18,,,,,,,
-1e+18,,,,,,,
-1e+18,,,,,,,
-1e+18,,,,,,,
-1e+18,,,,,,,
-1e+18,,,,,,,
-1e+18,,,,,,,
-1e+18,,,,,,,
-1e+18,,,,,,,
-1e+18,,,,,,,
-1e+18,,,,,,,
-1e+18,,,,,,,
-1e+18,,,,,,,
-1e+18,,,,,,,
-1e+18,,,,,,,
-1e+18,,,,,,,
-1e+18,,,,,,,
-1e+18,,,,,,,
-1e+18,,,,,,,
-1e+18,,,,,,,
-1e+18,,,,,,,
-1e+18,,,,,,,
-1e+18,,,,,,,
-1e+18,,,,,,,
-1e+18,,,,,,,
-1e+18,,,,,,,
-1e+18,,,,,,,
-1e+18,,,,,,,
-1e+18,,,,,,,
-1e+18,,,,,,,
-1e+18,,,,,,,
-49999850.271559104,"(3, 3, 3, 4, 8)",8.0,0.0,47.752808988764045,1000000000.0,47.752808988764045,47.752808988764045
-1e+18,,,,,,,
-1e+18,,,,,,,
-1e+18,,,,,,,
-1e+18,,,,,,,
-1e+18,,,,,,,
-1e+18,,,,,,,
-1e+18,,,,,,,
-1e+18,,,,,,,
-1e+18,,,,,,,
-1e+18,,,,,,,
-1e+18,,,,,,,
-1e+18,,,,,,,
-1e+18,,,,,,,
-1e+18,,,,,,,
-1e+18,,,,,,,
-1e+18,,,,,,,
-1e+18,,,,,,,
-1e+18,,,,,,,
-1e+18,,,,,,,
-1e+18,,,,,,,
-1e+18,,,,,,,
-1e+18,,,,,,,
-1e+18,,,,,,,
-1e+18,,,,,,,
-1e+18,,,,,,,
-1e+18,,,,,,,
-1e+18,,,,,,,
-1e+18,,,,,,,
-1e+18,,,,,,,
-1e+18,,,,,,,
-1e+18,,,,,,,
-1e+18,,,,,,,
-1e+18,,,,,,,
-1e+18,,,,,,,
-1e+18,,,,,,,
-1e+18,,,,,,,
-1e+18,,,,,,,
-1e+18,,,,,,,
-1e+18,,,,,,,
-1e+18,,,,,,,
-1e+18,,,,,,,
-1e+18,,,,,,,
-1e+18,,,,,,,
-1e+18,,,,,,,
-1e+18,,,,,,,
-1e+18,,,,,,,
-1e+18,,,,,,,
-1e+18,,,,,,,
-1e+18,,,,,,,
-1e+18,,,,,,,
-1e+18,,,,,,,
-1e+18,,,,,,,
-1e+18,,,,,,,
-1e+18,,,,,,,
-1e+18,,,,,,,
-1e+18,,,,,,,
-1e+18,,,,,,,
-1e+18,,,,,,,
-1e+18,,,,,,,
-1e+18,,,,,,,
-49999867.32845515,"(3, 3, 4, 5, 5)",6.0,0.0,41.57303370786517,1000000000.0,41.57303370786517,41.57303370786517
-1e+18,,,,,,,
-1e+18,,,,,,,
-1e+18,,,,,,,
-1e+18,,,,,,,
-1e+18,,,,,,,
-49999858.700315386,"(9, 4, 3, 3, 3)",6.0,0.0,44.943820224719104,1000000000.0,44.943820224719104,44.943820224719104
-1e+18,,,,,,,
-1e+18,,,,,,,
-1e+18,,,,,,,
-1e+18,,,,,,,
-1e+18,,,,,,,
-1e+18,,,,,,,
-1e+18,,,,,,,
-1e+18,,,,,,,
-1e+18,,,,,,,
-1e+18,,,,,,,
-1e+18,,,,,,,
-1e+18,,,,,,,
-1e+18,,,,,,,
-1e+18,,,,,,,
-1e+18,,,,,,,
-1e+18,,,,,,,
-1e+18,,,,,,,
-1e+18,,,,,,,
-1e+18,,,,,,,
-1e+18,,,,,,,
-1e+18,,,,,,,
-1e+18,,,,,,,
-49999870.70923618,"(4, 3, 6, 6, 3)",7.0,0.0,40.449438202247194,1000000000.0,40.449438202247194,40.449438202247194
-1e+18,,,,,,,
-1e+18,,,,,,,
-1e+18,,,,,,,
-1e+18,,,,,,,
-1e+18,,,,,,,
-1e+18,,,,,,,
-1e+18,,,,,,,
-1e+18,,,,,,,
-1e+18,,,,,,,
-1e+18,,,,,,,
-1e+18,,,,,,,
-1e+18,,,,,,,
-1e+18,,,,,,,
-1e+18,,,,,,,
-1e+18,,,,,,,
-1e+18,,,,,,,
-1e+18,,,,,,,
-1e+18,,,,,,,
-1e+18,,,,,,,
-1e+18,,,,,,,
-1e+18,,,,,,,
-1e+18,,,,,,,
-1e+18,,,,,,,
-1e+18,,,,,,,
-1e+18,,,,,,,
-1e+18,,,,,,,
-1e+18,,,,,,,
-1e+18,,,,,,,
-1e+18,,,,,,,
-1e+18,,,,,,,
-1e+18,,,,,,,
-1e+18,,,,,,,
-1e+18,,,,,,,
-1e+18,,,,,,,
-1e+18,,,,,,,
-1e+18,,,,,,,
-1e+18,,,,,,,
-1e+18,,,,,,,
-1e+18,,,,,,,
-1e+18,,,,,,,
-1e+18,,,,,,,
-1e+18,,,,,,,
-1e+18,,,,,,,
-1e+18,,,,,,,
-1e+18,,,,,,,
-1e+18,,,,,,,
-1e+18,,,,,,,
-1e+18,,,,,,,
-1e+18,,,,,,,
-1e+18,,,,,,,
-1e+18,,,,,,,
-1e+18,,,,,,,
-1e+18,,,,,,,
-1e+18,,,,,,,
-1e+18,,,,,,,
-1e+18,,,,,,,
-1e+18,,,,,,,
-1e+18,,,,,,,
-1e+18,,,,,,,
-1e+18,,,,,,,
-1e+18,,,,,,,
-1e+18,,,,,,,
-1e+18,,,,,,,
-1e+18,,,,,,,
-1e+18,,,,,,,
-1e+18,,,,,,,
-49999859.50621061,"(5, 4, 3, 6, 4)",6.0,0.0,44.38202247191011,1000000000.0,44.38202247191011,44.38202247191011
-1e+18,,,,,,,
-1e+18,,,,,,,
-1e+18,,,,,,,
-1e+18,,,,,,,
-49999837.33474616,"(4, 4, 5, 3, 4)",6.0,0.0,52.247191011235955,1000000000.0,52.247191011235955,52.247191011235955
-1e+18,,,,,,,
-1e+18,,,,,,,
-1e+18,,,,,,,
-1e+18,,,,,,,
-1e+18,,,,,,,
-1e+18,,,,,,,
-1e+18,,,,,,,
-1e+18,,,,,,,
-1e+18,,,,,,,
-1e+18,,,,,,,
-1e+18,,,,,,,
-1e+18,,,,,,,
-1e+18,,,,,,,
-1e+18,,,,,,,
-1e+18,,,,,,,
-1e+18,,,,,,,
-1e+18,,,,,,,
-1e+18,,,,,,,
-1e+18,,,,,,,
-1e+18,,,,,,,
-1e+18,,,,,,,
-1e+18,,,,,,,
-1e+18,,,,,,,
-1e+18,,,,,,,
-1e+18,,,,,,,
-1e+18,,,,,,,
-1e+18,,,,,,,
-1e+18,,,,,,,
-1e+18,,,,,,,
-1e+18,,,,,,,
-1e+18,,,,,,,
-1e+18,,,,,,,
-1e+18,,,,,,,
-1e+18,,,,,,,
-1e+18,,,,,,,
-1e+18,,,,,,,
-1e+18,,,,,,,
-1e+18,,,,,,,
-1e+18,,,,,,,
-1e+18,,,,,,,
-1e+18,,,,,,,
-1e+18,,,,,,,
-1e+18,,,,,,,
-1e+18,,,,,,,
-1e+18,,,,,,,
-49999857.48269678,"(7, 4, 4, 3, 4)",6.0,0.0,44.943820224719104,1000000000.0,44.943820224719104,44.943820224719104
-1e+18,,,,,,,
-1e+18,,,,,,,
-1e+18,,,,,,,
-1e+18,,,,,,,
-1e+18,,,,,,,
-1e+18,,,,,,,
-1e+18,,,,,,,
-1e+18,,,,,,,
-1e+18,,,,,,,
-1e+18,,,,,,,
-1e+18,,,,,,,
-1e+18,,,,,,,
-1e+18,,,,,,,
-1e+18,,,,,,,
-1e+18,,,,,,,
-1e+18,,,,,,,
-1e+18,,,,,,,
-1e+18,,,,,,,
-1e+18,,,,,,,
-1e+18,,,,,,,
-1e+18,,,,,,,
-1e+18,,,,,,,
-1e+18,,,,,,,
-1e+18,,,,,,,
-1e+18,,,,,,,
-1e+18,,,,,,,
-1e+18,,,,,,,
-1e+18,,,,,,,
-1e+18,,,,,,,
-1e+18,,,,,,,
-1e+18,,,,,,,
-1e+18,,,,,,,
-1e+18,,,,,,,
-1e+18,,,,,,,
-1e+18,,,,,,,
-1e+18,,,,,,,
-1e+18,,,,,,,
-1e+18,,,,,,,
-1e+18,,,,,,,
-1e+18,,,,,,,
-1e+18,,,,,,,
-1e+18,,,,,,,
-1e+18,,,,,,,
-1e+18,,,,,,,
-1e+18,,,,,,,
-1e+18,,,,,,,
-1e+18,,,,,,,
-1e+18,,,,,,,
-1e+18,,,,,,,
-1e+18,,,,,,,
-1e+18,,,,,,,
-1e+18,,,,,,,
-1e+18,,,,,,,
-1e+18,,,,,,,
-1e+18,,,,,,,
-1e+18,,,,,,,
-1e+18,,,,,,,
-1e+18,,,,,,,
-1e+18,,,,,,,
-1e+18,,,,,,,
-1e+18,,,,,,,
-1e+18,,,,,,,
-1e+18,,,,,,,
-1e+18,,,,,,,
-1e+18,,,,,,,
-1e+18,,,,,,,
-1e+18,,,,,,,
-1e+18,,,,,,,
-1e+18,,,,,,,
-1e+18,,,,,,,
-1e+18,,,,,,,
-1e+18,,,,,,,
-1e+18,,,,,,,
-1e+18,,,,,,,
-1e+18,,,,,,,
-1e+18,,,,,,,
-1e+18,,,,,,,
-1e+18,,,,,,,
-1e+18,,,,,,,
-1e+18,,,,,,,
-1e+18,,,,,,,
-1e+18,,,,,,,
-49999870.4598085,"(4, 3, 9, 3, 4)",8.0,0.0,40.449438202247194,1000000000.0,40.449438202247194,40.449438202247194
-1e+18,,,,,,,
-1e+18,,,,,,,
-1e+18,,,,,,,
-1e+18,,,,,,,
-1e+18,,,,,,,
-1e+18,,,,,,,
-1e+18,,,,,,,
-1e+18,,,,,,,
-1e+18,,,,,,,
-1e+18,,,,,,,
-1e+18,,,,,,,
-1e+18,,,,,,,
-1e+18,,,,,,,
-1e+18,,,,,,,
-1e+18,,,,,,,
-1e+18,,,,,,,
-49999850.32929226,"(3, 6, 3, 4, 3)",8.0,0.0,48.31460674157304,1000000000.0,48.31460674157304,48.31460674157304
-1e+18,,,,,,,
-1e+18,,,,,,,
-1e+18,,,,,,,
-1e+18,,,,,,,
-1e+18,,,,,,,
-1e+18,,,,,,,
-1e+18,,,,,,,
-1e+18,,,,,,,
-1e+18,,,,,,,
-1e+18,,,,,,,
-1e+18,,,,,,,
-1e+18,,,,,,,
-1e+18,,,,,,,
-1e+18,,,,,,,
-1e+18,,,,,,,
-1e+18,,,,,,,
-1e+18,,,,,,,
-1e+18,,,,,,,
-1e+18,,,,,,,
-1e+18,,,,,,,
-1e+18,,,,,,,
-1e+18,,,,,,,
-1e+18,,,,,,,
-1e+18,,,,,,,
-1e+18,,,,,,,
-1e+18,,,,,,,
-1e+18,,,,,,,
-49999852.30881375,"(4, 5, 5, 3, 4)",9.0,0.0,47.19101123595506,1000000000.0,47.19101123595506,47.19101123595506
-1e+18,,,,,,,
-1e+18,,,,,,,
-1e+18,,,,,,,
-1e+18,,,,,,,
-1e+18,,,,,,,
-1e+18,,,,,,,
-1e+18,,,,,,,
-1e+18,,,,,,,
-1e+18,,,,,,,
-1e+18,,,,,,,
-1e+18,,,,,,,
-1e+18,,,,,,,
-1e+18,,,,,,,
-1e+18,,,,,,,
-1e+18,,,,,,,
-1e+18,,,,,,,
-1e+18,,,,,,,
-1e+18,,,,,,,
-1e+18,,,,,,,
-1e+18,,,,,,,
-1e+18,,,,,,,
-1e+18,,,,,,,
-1e+18,,,,,,,
-49999853.947447866,"(4, 3, 9, 4, 3)",8.0,0.0,46.06741573033708,1000000000.0,46.06741573033708,46.06741573033708
-1e+18,,,,,,,
-1e+18,,,,,,,
-1e+18,,,,,,,
-1e+18,,,,,,,
-1e+18,,,,,,,
-1e+18,,,,,,,
-1e+18,,,,,,,
-1e+18,,,,,,,
-1e+18,,,,,,,
-1e+18,,,,,,,
-1e+18,,,,,,,
-1e+18,,,,,,,
-1e+18,,,,,,,
-1e+18,,,,,,,
-1e+18,,,,,,,
-1e+18,,,,,,,
-49999866.55033173,"(8, 4, 6, 3, 3)",7.0,0.0,41.57303370786517,1000000000.0,41.57303370786517,41.57303370786517
-1e+18,,,,,,,
-49999840.646824986,"(3, 6, 3, 3, 4)",8.0,0.0,51.68539325842697,1000000000.0,51.68539325842697,51.68539325842697
-1e+18,,,,,,,
-1e+18,,,,,,,
-1e+18,,,,,,,
-1e+18,,,,,,,
-1e+18,,,,,,,
-1e+18,,,,,,,
-1e+18,,,,,,,
-1e+18,,,,,,,
-1e+18,,,,,,,
-1e+18,,,,,,,
-1e+18,,,,,,,
-1e+18,,,,,,,
-1e+18,,,,,,,
-1e+18,,,,,,,
-1e+18,,,,,,,
-1e+18,,,,,,,
-1e+18,,,,,,,
-1e+18,,,,,,,
-1e+18,,,,,,,
-1e+18,,,,,,,
-1e+18,,,,,,,
-1e+18,,,,,,,
-1e+18,,,,,,,
-1e+18,,,,,,,
-1e+18,,,,,,,
-1e+18,,,,,,,
-1e+18,,,,,,,
-1e+18,,,,,,,
-1e+18,,,,,,,
-1e+18,,,,,,,
-1e+18,,,,,,,
-1e+18,,,,,,,
-1e+18,,,,,,,
-1e+18,,,,,,,
-1e+18,,,,,,,
-1e+18,,,,,,,
-1e+18,,,,,,,
-1e+18,,,,,,,
-1e+18,,,,,,,
-1e+18,,,,,,,
-1e+18,,,,,,,
-1e+18,,,,,,,
-1e+18,,,,,,,
-1e+18,,,,,,,
-1e+18,,,,,,,
-1e+18,,,,,,,
-1e+18,,,,,,,
-1e+18,,,,,,,
-1e+18,,,,,,,
-1e+18,,,,,,,
-1e+18,,,,,,,
-1e+18,,,,,,,
-1e+18,,,,,,,
-1e+18,,,,,,,
-1e+18,,,,,,,
-49999857.66064955,"(3, 4, 8, 3, 3)",7.0,0.0,45.50561797752809,1000000000.0,45.50561797752809,45.50561797752809
-1e+18,,,,,,,
-1e+18,,,,,,,
-1e+18,,,,,,,
-1e+18,,,,,,,
-1e+18,,,,,,,
-1e+18,,,,,,,
-1e+18,,,,,,,
-1e+18,,,,,,,
-1e+18,,,,,,,
-1e+18,,,,,,,
-1e+18,,,,,,,
-1e+18,,,,,,,
-1e+18,,,,,,,
-1e+18,,,,,,,
-1e+18,,,,,,,
-1e+18,,,,,,,
-1e+18,,,,,,,
-1e+18,,,,,,,
-1e+18,,,,,,,
-1e+18,,,,,,,
-1e+18,,,,,,,
-1e+18,,,,,,,
-1e+18,,,,,,,
-1e+18,,,,,,,
-1e+18,,,,,,,
-1e+18,,,,,,,
-49999873.8158019,"(5, 4, 6, 4, 5)",7.0,0.0,39.325842696629216,1000000000.0,39.325842696629216,39.325842696629216
-1e+18,,,,,,,
-1e+18,,,,,,,
-1e+18,,,,,,,
-1e+18,,,,,,,
-1e+18,,,,,,,
-1e+18,,,,,,,
-1e+18,,,,,,,
-1e+18,,,,,,,
-1e+18,,,,,,,
-1e+18,,,,,,,
-1e+18,,,,,,,
-1e+18,,,,,,,
-1e+18,,,,,,,
-1e+18,,,,,,,
-1e+18,,,,,,,
-1e+18,,,,,,,
-49999861.88208513,"(4, 5, 7, 3, 3)",5.0,0.0,43.258426966292134,1000000000.0,43.258426966292134,43.258426966292134
-1e+18,,,,,,,
-1e+18,,,,,,,
-1e+18,,,,,,,
-1e+18,,,,,,,
-1e+18,,,,,,,
-1e+18,,,,,,,
-1e+18,,,,,,,
-1e+18,,,,,,,
-1e+18,,,,,,,
-1e+18,,,,,,,
-1e+18,,,,,,,
-1e+18,,,,,,,
-1e+18,,,,,,,
-1e+18,,,,,,,
-1e+18,,,,,,,
-1e+18,,,,,,,
-1e+18,,,,,,,
-1e+18,,,,,,,
-1e+18,,,,,,,
-1e+18,,,,,,,
-1e+18,,,,,,,
-1e+18,,,,,,,
-1e+18,,,,,,,
-1e+18,,,,,,,
-1e+18,,,,,,,
-1e+18,,,,,,,
-1e+18,,,,,,,
-1e+18,,,,,,,
-1e+18,,,,,,,
-1e+18,,,,,,,
-1e+18,,,,,,,
-49999861.181705885,"(4, 5, 3, 5, 4)",7.0,0.0,43.82022471910113,1000000000.0,43.82022471910113,43.82022471910113
-1e+18,,,,,,,
-1e+18,,,,,,,
-1e+18,,,,,,,
-1e+18,,,,,,,
-1e+18,,,,,,,
-1e+18,,,,,,,
-1e+18,,,,,,,
-1e+18,,,,,,,
-49999865.84224079,"(9, 5, 3, 3, 4)",8.0,0.0,42.13483146067416,1000000000.0,42.13483146067416,42.13483146067416
-1e+18,,,,,,,
-1e+18,,,,,,,
-49999844.82339651,"(4, 4, 6, 4, 3)",3.0,0.0,50.0,1000000000.0,50.0,50.0
-1e+18,,,,,,,
-1e+18,,,,,,,
-1e+18,,,,,,,
-1e+18,,,,,,,
-1e+18,,,,,,,
-1e+18,,,,,,,
-1e+18,,,,,,,
-1e+18,,,,,,,
-1e+18,,,,,,,
-1e+18,,,,,,,
-1e+18,,,,,,,
-1e+18,,,,,,,
-1e+18,,,,,,,
-1e+18,,,,,,,
-1e+18,,,,,,,
-1e+18,,,,,,,
-1e+18,,,,,,,
-1e+18,,,,,,,
-1e+18,,,,,,,
-1e+18,,,,,,,
-1e+18,,,,,,,
-1e+18,,,,,,,
-1e+18,,,,,,,
-1e+18,,,,,,,
-1e+18,,,,,,,
-49999828.10238012,"(4, 5, 3, 3, 4)",6.0,0.0,56.17977528089888,1000000000.0,56.17977528089888,56.17977528089888
-1e+18,,,,,,,
-1e+18,,,,,,,
-1e+18,,,,,,,
-1e+18,,,,,,,
-1e+18,,,,,,,
-1e+18,,,,,,,
-1e+18,,,,,,,
-1e+18,,,,,,,
-1e+18,,,,,,,
-1e+18,,,,,,,
-1e+18,,,,,,,
-1e+18,,,,,,,
-1e+18,,,,,,,
-1e+18,,,,,,,
-1e+18,,,,,,,
-1e+18,,,,,,,
-1e+18,,,,,,,
-1e+18,,,,,,,
-1e+18,,,,,,,
-1e+18,,,,,,,
-1e+18,,,,,,,
-1e+18,,,,,,,
-49999866.00149867,"(6, 3, 4, 4, 5)",5.0,0.0,42.13483146067416,1000000000.0,42.13483146067416,42.13483146067416
-1e+18,,,,,,,
-1e+18,,,,,,,
-1e+18,,,,,,,
-1e+18,,,,,,,
-1e+18,,,,,,,
-1e+18,,,,,,,
-1e+18,,,,,,,
-1e+18,,,,,,,
-1e+18,,,,,,,
-1e+18,,,,,,,
-1e+18,,,,,,,
-1e+18,,,,,,,
-1e+18,,,,,,,
-1e+18,,,,,,,
-1e+18,,,,,,,
-1e+18,,,,,,,
-1e+18,,,,,,,
-1e+18,,,,,,,
-1e+18,,,,,,,
-1e+18,,,,,,,
-1e+18,,,,,,,
-1e+18,,,,,,,
-1e+18,,,,,,,
-1e+18,,,,,,,
-1e+18,,,,,,,
-1e+18,,,,,,,
-1e+18,,,,,,,
-1e+18,,,,,,,
-1e+18,,,,,,,
-1e+18,,,,,,,
-1e+18,,,,,,,
-1e+18,,,,,,,
-1e+18,,,,,,,
-1e+18,,,,,,,
-1e+18,,,,,,,
-1e+18,,,,,,,
-1e+18,,,,,,,
-1e+18,,,,,,,
-1e+18,,,,,,,
-1e+18,,,,,,,
-1e+18,,,,,,,
-1e+18,,,,,,,
-1e+18,,,,,,,
-1e+18,,,,,,,
-1e+18,,,,,,,
-1e+18,,,,,,,
-1e+18,,,,,,,
-1e+18,,,,,,,
-1e+18,,,,,,,
-1e+18,,,,,,,
-1e+18,,,,,,,
-1e+18,,,,,,,
-1e+18,,,,,,,
-1e+18,,,,,,,
-1e+18,,,,,,,
-1e+18,,,,,,,
-1e+18,,,,,,,
-1e+18,,,,,,,
-1e+18,,,,,,,
-1e+18,,,,,,,
-1e+18,,,,,,,
-1e+18,,,,,,,
-1e+18,,,,,,,
-1e+18,,,,,,,
-1e+18,,,,,,,
-1e+18,,,,,,,
-1e+18,,,,,,,
-1e+18,,,,,,,
-1e+18,,,,,,,
-1e+18,,,,,,,
-1e+18,,,,,,,
-1e+18,,,,,,,
-1e+18,,,,,,,
-1e+18,,,,,,,
-1e+18,,,,,,,
-1e+18,,,,,,,
-1e+18,,,,,,,
-1e+18,,,,,,,
-1e+18,,,,,,,
-1e+18,,,,,,,
-1e+18,,,,,,,
-49999836.45065845,"(3, 3, 3, 3, 8)",7.0,0.0,52.80898876404495,1000000000.0,52.80898876404495,52.80898876404495
-1e+18,,,,,,,
-1e+18,,,,,,,
-1e+18,,,,,,,
-1e+18,,,,,,,
-1e+18,,,,,,,
-1e+18,,,,,,,
-1e+18,,,,,,,
-1e+18,,,,,,,
-1e+18,,,,,,,
-1e+18,,,,,,,
-1e+18,,,,,,,
-1e+18,,,,,,,
-1e+18,,,,,,,
-1e+18,,,,,,,
-1e+18,,,,,,,
-1e+18,,,,,,,
-1e+18,,,,,,,
-1e+18,,,,,,,
-1e+18,,,,,,,
-1e+18,,,,,,,
-1e+18,,,,,,,
-1e+18,,,,,,,
-1e+18,,,,,,,
-1e+18,,,,,,,
-1e+18,,,,,,,
-1e+18,,,,,,,
-1e+18,,,,,,,
-1e+18,,,,,,,
-1e+18,,,,,,,
-1e+18,,,,,,,
-1e+18,,,,,,,
-1e+18,,,,,,,
-1e+18,,,,,,,
-1e+18,,,,,,,
-1e+18,,,,,,,
-1e+18,,,,,,,
-1e+18,,,,,,,
-1e+18,,,,,,,
-1e+18,,,,,,,
-1e+18,,,,,,,
-1e+18,,,,,,,
-1e+18,,,,,,,
-1e+18,,,,,,,
-1e+18,,,,,,,
-1e+18,,,,,,,
-1e+18,,,,,,,
-1e+18,,,,,,,
-1e+18,,,,,,,
-1e+18,,,,,,,
-1e+18,,,,,,,
-1e+18,,,,,,,
-1e+18,,,,,,,
-1e+18,,,,,,,
-1e+18,,,,,,,
-1e+18,,,,,,,
-1e+18,,,,,,,
-1e+18,,,,,,,
-1e+18,,,,,,,
-1e+18,,,,,,,
-1e+18,,,,,,,
-1e+18,,,,,,,
-1e+18,,,,,,,
-1e+18,,,,,,,
-1e+18,,,,,,,
-1e+18,,,,,,,
-1e+18,,,,,,,
-1e+18,,,,,,,
-1e+18,,,,,,,
-1e+18,,,,,,,
-1e+18,,,,,,,
-1e+18,,,,,,,
-1e+18,,,,,,,
-1e+18,,,,,,,
-1e+18,,,,,,,
-1e+18,,,,,,,
-1e+18,,,,,,,
-1e+18,,,,,,,
-1e+18,,,,,,,
-1e+18,,,,,,,
-1e+18,,,,,,,
-1e+18,,,,,,,
-1e+18,,,,,,,
-1e+18,,,,,,,
-49999862.26061133,"(3, 4, 7, 4, 5)",4.0,0.0,43.258426966292134,1000000000.0,43.258426966292134,43.258426966292134
-1e+18,,,,,,,
-1e+18,,,,,,,
-1e+18,,,,,,,
-1e+18,,,,,,,
-1e+18,,,,,,,
-1e+18,,,,,,,
-1e+18,,,,,,,
-1e+18,,,,,,,
-1e+18,,,,,,,
-1e+18,,,,,,,
-1e+18,,,,,,,
-1e+18,,,,,,,
-1e+18,,,,,,,
-1e+18,,,,,,,
-1e+18,,,,,,,
-1e+18,,,,,,,
-1e+18,,,,,,,
-1e+18,,,,,,,
-1e+18,,,,,,,
-1e+18,,,,,,,
-1e+18,,,,,,,
-1e+18,,,,,,,
-1e+18,,,,,,,
-1e+18,,,,,,,
-1e+18,,,,,,,
-49999863.93975904,"(3, 3, 3, 5, 6)",8.0,0.0,43.258426966292134,1000000000.0,43.258426966292134,43.258426966292134
-1e+18,,,,,,,
-1e+18,,,,,,,
-1e+18,,,,,,,
-1e+18,,,,,,,
-1e+18,,,,,,,
-1e+18,,,,,,,
-1e+18,,,,,,,
-1e+18,,,,,,,
-1e+18,,,,,,,
-1e+18,,,,,,,
-1e+18,,,,,,,
-1e+18,,,,,,,
-1e+18,,,,,,,
-1e+18,,,,,,,
-1e+18,,,,,,,
-1e+18,,,,,,,
-1e+18,,,,,,,
-1e+18,,,,,,,
-1e+18,,,,,,,
-1e+18,,,,,,,
-1e+18,,,,,,,
-1e+18,,,,,,,
-1e+18,,,,,,,
-1e+18,,,,,,,
-1e+18,,,,,,,
-1e+18,,,,,,,
-1e+18,,,,,,,
-1e+18,,,,,,,
-49999846.24254261,"(4, 5, 4, 3, 4)",8.0,0.0,49.438202247191015,1000000000.0,49.438202247191015,49.438202247191015
-1e+18,,,,,,,
-1e+18,,,,,,,
-1e+18,,,,,,,
-1e+18,,,,,,,
-1e+18,,,,,,,
-1e+18,,,,,,,
-1e+18,,,,,,,
-1e+18,,,,,,,
-49999860.38993318,"(3, 4, 6, 6, 3)",9.0,0.0,44.38202247191011,1000000000.0,44.38202247191011,44.38202247191011
-1e+18,,,,,,,
-1e+18,,,,,,,
-1e+18,,,,,,,
-1e+18,,,,,,,
-1e+18,,,,,,,
-1e+18,,,,,,,
-1e+18,,,,,,,
-1e+18,,,,,,,
-1e+18,,,,,,,
-1e+18,,,,,,,
-1e+18,,,,,,,
-1e+18,,,,,,,
-1e+18,,,,,,,
-1e+18,,,,,,,
-1e+18,,,,,,,
-49999856.32505452,"(5, 5, 4, 4, 4)",6.0,0.0,46.06741573033708,1000000000.0,46.06741573033708,46.06741573033708
-1e+18,,,,,,,
-1e+18,,,,,,,
-1e+18,,,,,,,
-1e+18,,,,,,,
-1e+18,,,,,,,
-1e+18,,,,,,,
-1e+18,,,,,,,
-1e+18,,,,,,,
-1e+18,,,,,,,
-1e+18,,,,,,,
-1e+18,,,,,,,
-1e+18,,,,,,,
-1e+18,,,,,,,
-1e+18,,,,,,,
-1e+18,,,,,,,
-1e+18,,,,,,,
-1e+18,,,,,,,
-1e+18,,,,,,,
-1e+18,,,,,,,
-1e+18,,,,,,,
-1e+18,,,,,,,
-1e+18,,,,,,,
-1e+18,,,,,,,
-1e+18,,,,,,,
-1e+18,,,,,,,
-1e+18,,,,,,,
-1e+18,,,,,,,
-1e+18,,,,,,,
-1e+18,,,,,,,
-1e+18,,,,,,,
-1e+18,,,,,,,
-1e+18,,,,,,,
-1e+18,,,,,,,
-1e+18,,,,,,,
-1e+18,,,,,,,
-1e+18,,,,,,,
-1e+18,,,,,,,
-1e+18,,,,,,,
-1e+18,,,,,,,
-1e+18,,,,,,,
-1e+18,,,,,,,
-1e+18,,,,,,,
-1e+18,,,,,,,
-1e+18,,,,,,,
-1e+18,,,,,,,
-1e+18,,,,,,,
-1e+18,,,,,,,
-1e+18,,,,,,,
-1e+18,,,,,,,
-1e+18,,,,,,,
-1e+18,,,,,,,
-1e+18,,,,,,,
-1e+18,,,,,,,
-1e+18,,,,,,,
-1e+18,,,,,,,
-1e+18,,,,,,,
-1e+18,,,,,,,
-1e+18,,,,,,,
-1e+18,,,,,,,
-1e+18,,,,,,,
-1e+18,,,,,,,
-1e+18,,,,,,,
-1e+18,,,,,,,
-1e+18,,,,,,,
-1e+18,,,,,,,
-1e+18,,,,,,,
-1e+18,,,,,,,
-1e+18,,,,,,,
-1e+18,,,,,,,
-1e+18,,,,,,,
-1e+18,,,,,,,
-1e+18,,,,,,,
-1e+18,,,,,,,
-1e+18,,,,,,,
-1e+18,,,,,,,
-1e+18,,,,,,,
-1e+18,,,,,,,
-1e+18,,,,,,,
-1e+18,,,,,,,
-1e+18,,,,,,,
-1e+18,,,,,,,
-1e+18,,,,,,,
-1e+18,,,,,,,
-1e+18,,,,,,,
-1e+18,,,,,,,
-1e+18,,,,,,,
-1e+18,,,,,,,
-1e+18,,,,,,,
-1e+18,,,,,,,
-1e+18,,,,,,,
-1e+18,,,,,,,
-1e+18,,,,,,,
-1e+18,,,,,,,
-1e+18,,,,,,,
-1e+18,,,,,,,
-1e+18,,,,,,,
-1e+18,,,,,,,
-1e+18,,,,,,,
-1e+18,,,,,,,
-1e+18,,,,,,,
-1e+18,,,,,,,
-1e+18,,,,,,,
-1e+18,,,,,,,
-1e+18,,,,,,,
-1e+18,,,,,,,
-1e+18,,,,,,,
-1e+18,,,,,,,
-1e+18,,,,,,,
-1e+18,,,,,,,
-1e+18,,,,,,,
-1e+18,,,,,,,
-1e+18,,,,,,,
-1e+18,,,,,,,
-1e+18,,,,,,,
-1e+18,,,,,,,
-49999873.69488724,"(3, 5, 6, 3, 5)",4.0,0.0,39.325842696629216,1000000000.0,39.325842696629216,39.325842696629216
-1e+18,,,,,,,
-1e+18,,,,,,,
-1e+18,,,,,,,
-49999857.76090843,"(3, 3, 5, 4, 6)",5.0,0.0,45.50561797752809,1000000000.0,45.50561797752809,45.50561797752809
-1e+18,,,,,,,
-1e+18,,,,,,,
-1e+18,,,,,,,
-1e+18,,,,,,,
-1e+18,,,,,,,
-1e+18,,,,,,,
-1e+18,,,,,,,
-1e+18,,,,,,,
-1e+18,,,,,,,
-1e+18,,,,,,,
-1e+18,,,,,,,
-1e+18,,,,,,,
-1e+18,,,,,,,
-1e+18,,,,,,,
-1e+18,,,,,,,
-1e+18,,,,,,,
-1e+18,,,,,,,
-1e+18,,,,,,,
-1e+18,,,,,,,
-1e+18,,,,,,,
-1e+18,,,,,,,
-1e+18,,,,,,,
-1e+18,,,,,,,
-1e+18,,,,,,,
-1e+18,,,,,,,
-1e+18,,,,,,,
-1e+18,,,,,,,
-1e+18,,,,,,,
-1e+18,,,,,,,
-1e+18,,,,,,,
-1e+18,,,,,,,
-1e+18,,,,,,,
-1e+18,,,,,,,
-1e+18,,,,,,,
-1e+18,,,,,,,
-1e+18,,,,,,,
-1e+18,,,,,,,
-1e+18,,,,,,,
-1e+18,,,,,,,
-1e+18,,,,,,,
-1e+18,,,,,,,
-1e+18,,,,,,,
-1e+18,,,,,,,
-1e+18,,,,,,,
-1e+18,,,,,,,
-1e+18,,,,,,,
-1e+18,,,,,,,
-1e+18,,,,,,,
-1e+18,,,,,,,
-1e+18,,,,,,,
-1e+18,,,,,,,
-1e+18,,,,,,,
-1e+18,,,,,,,
-1e+18,,,,,,,
-1e+18,,,,,,,
-1e+18,,,,,,,
-1e+18,,,,,,,
-1e+18,,,,,,,
-1e+18,,,,,,,
-1e+18,,,,,,,
-1e+18,,,,,,,
-1e+18,,,,,,,
-1e+18,,,,,,,
-1e+18,,,,,,,
-1e+18,,,,,,,
-1e+18,,,,,,,
-1e+18,,,,,,,
-1e+18,,,,,,,
-1e+18,,,,,,,
-1e+18,,,,,,,
-1e+18,,,,,,,
-1e+18,,,,,,,
-1e+18,,,,,,,
-1e+18,,,,,,,
-1e+18,,,,,,,
-1e+18,,,,,,,
-49999869.57219382,"(3, 9, 3, 4, 4)",3.0,0.0,41.01123595505618,1000000000.0,41.01123595505618,41.01123595505618
-1e+18,,,,,,,
-1e+18,,,,,,,
-1e+18,,,,,,,
-1e+18,,,,,,,
-1e+18,,,,,,,
-1e+18,,,,,,,
-1e+18,,,,,,,
-1e+18,,,,,,,
-1e+18,,,,,,,
-1e+18,,,,,,,
-1e+18,,,,,,,
-1e+18,,,,,,,
-1e+18,,,,,,,
-1e+18,,,,,,,
-1e+18,,,,,,,
-1e+18,,,,,,,
-1e+18,,,,,,,
-49999838.807394534,"(3, 3, 7, 4, 3)",4.0,0.0,52.247191011235955,1000000000.0,52.247191011235955,52.247191011235955
-1e+18,,,,,,,
-1e+18,,,,,,,
-1e+18,,,,,,,
-1e+18,,,,,,,
-1e+18,,,,,,,
-1e+18,,,,,,,
-1e+18,,,,,,,
-1e+18,,,,,,,
-1e+18,,,,,,,
-1e+18,,,,,,,
-1e+18,,,,,,,
-1e+18,,,,,,,
-1e+18,,,,,,,
-1e+18,,,,,,,
-1e+18,,,,,,,
-1e+18,,,,,,,
-1e+18,,,,,,,
-1e+18,,,,,,,
-1e+18,,,,,,,
-1e+18,,,,,,,
-1e+18,,,,,,,
-1e+18,,,,,,,
-1e+18,,,,,,,
-1e+18,,,,,,,
-1e+18,,,,,,,
-1e+18,,,,,,,
-1e+18,,,,,,,
-1e+18,,,,,,,
-1e+18,,,,,,,
-1e+18,,,,,,,
-1e+18,,,,,,,
-1e+18,,,,,,,
-1e+18,,,,,,,
-1e+18,,,,,,,
-1e+18,,,,,,,
-1e+18,,,,,,,
-1e+18,,,,,,,
-1e+18,,,,,,,
-1e+18,,,,,,,
-1e+18,,,,,,,
-1e+18,,,,,,,
-1e+18,,,,,,,
-1e+18,,,,,,,
-1e+18,,,,,,,
-1e+18,,,,,,,
-1e+18,,,,,,,
-1e+18,,,,,,,
-1e+18,,,,,,,
-1e+18,,,,,,,
-1e+18,,,,,,,
-1e+18,,,,,,,
-1e+18,,,,,,,
-1e+18,,,,,,,
-1e+18,,,,,,,
-1e+18,,,,,,,
-1e+18,,,,,,,
-1e+18,,,,,,,
-49999868.26433746,"(5, 3, 3, 8, 4)",3.0,0.0,41.573033707865164,1000000000.0,41.573033707865164,41.573033707865164
-1e+18,,,,,,,
-1e+18,,,,,,,
-1e+18,,,,,,,
-1e+18,,,,,,,
-1e+18,,,,,,,
-1e+18,,,,,,,
-1e+18,,,,,,,
-1e+18,,,,,,,
-1e+18,,,,,,,
-1e+18,,,,,,,
-1e+18,,,,,,,
-1e+18,,,,,,,
-1e+18,,,,,,,
-1e+18,,,,,,,
-1e+18,,,,,,,
-49999875.86617809,"(7, 3, 7, 3, 4)",5.0,0.0,38.20224719101124,1000000000.0,38.20224719101124,38.20224719101124
-1e+18,,,,,,,
-1e+18,,,,,,,
-1e+18,,,,,,,
-1e+18,,,,,,,
-1e+18,,,,,,,
-1e+18,,,,,,,
-1e+18,,,,,,,
-1e+18,,,,,,,
-1e+18,,,,,,,
-1e+18,,,,,,,
-1e+18,,,,,,,
-1e+18,,,,,,,
-1e+18,,,,,,,
-1e+18,,,,,,,
-1e+18,,,,,,,
-1e+18,,,,,,,
-1e+18,,,,,,,
-1e+18,,,,,,,
-1e+18,,,,,,,
-1e+18,,,,,,,
-1e+18,,,,,,,
-1e+18,,,,,,,
-1e+18,,,,,,,
-1e+18,,,,,,,
-1e+18,,,,,,,
-1e+18,,,,,,,
-1e+18,,,,,,,
-1e+18,,,,,,,
-1e+18,,,,,,,
-1e+18,,,,,,,
-1e+18,,,,,,,
-1e+18,,,,,,,
-49999855.01983928,"(4, 4, 3, 6, 3)",8.0,0.0,46.62921348314607,1000000000.0,46.62921348314607,46.62921348314607
-1e+18,,,,,,,
-1e+18,,,,,,,
-1e+18,,,,,,,
-49999869.64867456,"(6, 3, 4, 4, 7)",5.0,0.0,41.01123595505618,1000000000.0,41.01123595505618,41.01123595505618
-1e+18,,,,,,,
-1e+18,,,,,,,
-1e+18,,,,,,,
-1e+18,,,,,,,
-1e+18,,,,,,,
-1e+18,,,,,,,
-1e+18,,,,,,,
-1e+18,,,,,,,
-1e+18,,,,,,,
-1e+18,,,,,,,
-1e+18,,,,,,,
-1e+18,,,,,,,
-1e+18,,,,,,,
-1e+18,,,,,,,
-1e+18,,,,,,,
-1e+18,,,,,,,
-1e+18,,,,,,,
-1e+18,,,,,,,
-1e+18,,,,,,,
-1e+18,,,,,,,
-1e+18,,,,,,,
-1e+18,,,,,,,
-1e+18,,,,,,,
-1e+18,,,,,,,
-1e+18,,,,,,,
-1e+18,,,,,,,
-1e+18,,,,,,,
-1e+18,,,,,,,
-1e+18,,,,,,,
-1e+18,,,,,,,
-1e+18,,,,,,,
-1e+18,,,,,,,
-1e+18,,,,,,,
-1e+18,,,,,,,
-1e+18,,,,,,,
-1e+18,,,,,,,
-1e+18,,,,,,,
-1e+18,,,,,,,
-1e+18,,,,,,,
-49999844.82339651,"(4, 4, 6, 4, 3)",4.0,0.0,50.0,1000000000.0,50.0,50.0
-1e+18,,,,,,,
-1e+18,,,,,,,
-1e+18,,,,,,,
-1e+18,,,,,,,
-1e+18,,,,,,,
-1e+18,,,,,,,
-1e+18,,,,,,,
-49999831.71307287,"(3, 3, 3, 6, 3)",4.0,0.0,55.056179775280896,1000000000.0,55.056179775280896,55.056179775280896
-1e+18,,,,,,,
-1e+18,,,,,,,
-1e+18,,,,,,,
-1e+18,,,,,,,
-1e+18,,,,,,,
-1e+18,,,,,,,
-1e+18,,,,,,,
-1e+18,,,,,,,
-1e+18,,,,,,,
-1e+18,,,,,,,
-1e+18,,,,,,,
-1e+18,,,,,,,
-1e+18,,,,,,,
-1e+18,,,,,,,
-1e+18,,,,,,,
-1e+18,,,,,,,
-1e+18,,,,,,,
-1e+18,,,,,,,
-1e+18,,,,,,,
-1e+18,,,,,,,
-1e+18,,,,,,,
-1e+18,,,,,,,
-1e+18,,,,,,,
-1e+18,,,,,,,
-1e+18,,,,,,,
-1e+18,,,,,,,
-1e+18,,,,,,,
-1e+18,,,,,,,
-1e+18,,,,,,,
-1e+18,,,,,,,
-1e+18,,,,,,,
-1e+18,,,,,,,
-1e+18,,,,,,,
-1e+18,,,,,,,
-1e+18,,,,,,,
-1e+18,,,,,,,
-1e+18,,,,,,,
-1e+18,,,,,,,
-1e+18,,,,,,,
-1e+18,,,,,,,
-1e+18,,,,,,,
-1e+18,,,,,,,
-1e+18,,,,,,,
-1e+18,,,,,,,
-1e+18,,,,,,,
-1e+18,,,,,,,
-1e+18,,,,,,,
-1e+18,,,,,,,
-1e+18,,,,,,,
-1e+18,,,,,,,
-1e+18,,,,,,,
-1e+18,,,,,,,
-1e+18,,,,,,,
-1e+18,,,,,,,
-1e+18,,,,,,,
-1e+18,,,,,,,
-1e+18,,,,,,,
-1e+18,,,,,,,
-1e+18,,,,,,,
-1e+18,,,,,,,
-1e+18,,,,,,,
-1e+18,,,,,,,
-1e+18,,,,,,,
-1e+18,,,,,,,
-1e+18,,,,,,,
-1e+18,,,,,,,
-1e+18,,,,,,,
-1e+18,,,,,,,
-1e+18,,,,,,,
-1e+18,,,,,,,
-1e+18,,,,,,,
-1e+18,,,,,,,
-1e+18,,,,,,,
-1e+18,,,,,,,
-1e+18,,,,,,,
-49999838.18617477,"(3, 3, 4, 3, 7)",5.0,0.0,52.247191011235955,1000000000.0,52.247191011235955,52.247191011235955
-1e+18,,,,,,,
-1e+18,,,,,,,
-1e+18,,,,,,,
-1e+18,,,,,,,
-1e+18,,,,,,,
-1e+18,,,,,,,
-1e+18,,,,,,,
-1e+18,,,,,,,
-1e+18,,,,,,,
-1e+18,,,,,,,
-49999861.1652879,"(6, 4, 7, 3, 3)",4.0,0.0,43.82022471910113,1000000000.0,43.82022471910113,43.82022471910113
-1e+18,,,,,,,
-1e+18,,,,,,,
-1e+18,,,,,,,
-1e+18,,,,,,,
-1e+18,,,,,,,
-1e+18,,,,,,,
-1e+18,,,,,,,
-1e+18,,,,,,,
-1e+18,,,,,,,
-1e+18,,,,,,,
-1e+18,,,,,,,
-1e+18,,,,,,,
-1e+18,,,,,,,
-1e+18,,,,,,,
-49999845.36899596,"(3, 3, 5, 4, 5)",3.0,0.0,50.0,1000000000.0,50.0,50.0
-1e+18,,,,,,,
-1e+18,,,,,,,
-1e+18,,,,,,,
-1e+18,,,,,,,
-1e+18,,,,,,,
-1e+18,,,,,,,
-1e+18,,,,,,,
-1e+18,,,,,,,
-1e+18,,,,,,,
-1e+18,,,,,,,
-1e+18,,,,,,,
-1e+18,,,,,,,
-1e+18,,,,,,,
-1e+18,,,,,,,
-49999821.87516731,"(6, 3, 3, 3, 4)",8.0,0.0,58.42696629213483,1000000000.0,58.42696629213483,58.42696629213483
-1e+18,,,,,,,
-1e+18,,,,,,,
-1e+18,,,,,,,
-1e+18,,,,,,,
-1e+18,,,,,,,
-1e+18,,,,,,,
-1e+18,,,,,,,
-1e+18,,,,,,,
-1e+18,,,,,,,
-1e+18,,,,,,,
-1e+18,,,,,,,
-1e+18,,,,,,,
-1e+18,,,,,,,
-49999857.764004655,"(3, 6, 6, 3, 3)",4.0,0.0,44.943820224719104,1000000000.0,44.943820224719104,44.943820224719104
-1e+18,,,,,,,
-1e+18,,,,,,,
-1e+18,,,,,,,
-1e+18,,,,,,,
-1e+18,,,,,,,
-1e+18,,,,,,,
-1e+18,,,,,,,
-49999853.24961016,"(3, 5, 3, 3, 6)",7.0,0.0,47.19101123595505,1000000000.0,47.19101123595505,47.19101123595505
-1e+18,,,,,,,
-1e+18,,,,,,,
-1e+18,,,,,,,
-1e+18,,,,,,,
-1e+18,,,,,,,
-1e+18,,,,,,,
-1e+18,,,,,,,
-1e+18,,,,,,,
-1e+18,,,,,,,
-49999868.20149781,"(9, 3, 4, 3, 4)",9.0,0.0,41.01123595505618,1000000000.0,41.01123595505618,41.01123595505618
-49999877.88237259,"(3, 3, 6, 6, 5)",3.0,0.0,37.640449438202246,1000000000.0,37.640449438202246,37.640449438202246
-1e+18,,,,,,,
-1e+18,,,,,,,
-1e+18,,,,,,,
-1e+18,,,,,,,
-49999809.680118695,"(3, 3, 5, 3, 3)",5.0,0.0,63.48314606741571,1000000000.0,63.48314606741571,63.48314606741571
-1e+18,,,,,,,
-1e+18,,,,,,,
-1e+18,,,,,,,
-1e+18,,,,,,,
-1e+18,,,,,,,
-1e+18,,,,,,,
-1e+18,,,,,,,
-1e+18,,,,,,,
-1e+18,,,,,,,
-1e+18,,,,,,,
-1e+18,,,,,,,
-1e+18,,,,,,,
-1e+18,,,,,,,
-1e+18,,,,,,,
-1e+18,,,,,,,
-1e+18,,,,,,,
-1e+18,,,,,,,
-49999830.59601259,"(3, 4, 3, 3, 6)",4.0,0.0,55.61797752808989,1000000000.0,55.61797752808989,55.61797752808989
-1e+18,,,,,,,
-1e+18,,,,,,,
-1e+18,,,,,,,
-1e+18,,,,,,,
-1e+18,,,,,,,
-1e+18,,,,,,,
-1e+18,,,,,,,
-1e+18,,,,,,,
-1e+18,,,,,,,
-1e+18,,,,,,,
-1e+18,,,,,,,
-1e+18,,,,,,,
-1e+18,,,,,,,
-1e+18,,,,,,,
-1e+18,,,,,,,
-1e+18,,,,,,,
-1e+18,,,,,,,
-1e+18,,,,,,,
-1e+18,,,,,,,
-1e+18,,,,,,,
-1e+18,,,,,,,
-1e+18,,,,,,,
-1e+18,,,,,,,
-1e+18,,,,,,,
-1e+18,,,,,,,
-1e+18,,,,,,,
-1e+18,,,,,,,
-1e+18,,,,,,,
-1e+18,,,,,,,
-1e+18,,,,,,,
-1e+18,,,,,,,
-1e+18,,,,,,,
-1e+18,,,,,,,
-1e+18,,,,,,,
-1e+18,,,,,,,
-1e+18,,,,,,,
-1e+18,,,,,,,
-49999864.285094395,"(3, 4, 9, 3, 4)",3.0,0.0,42.69662921348315,1000000000.0,42.69662921348315,42.69662921348315
-1e+18,,,,,,,
-1e+18,,,,,,,
-1e+18,,,,,,,
-1e+18,,,,,,,
-1e+18,,,,,,,
-49999838.98379631,"(6, 3, 4, 3, 3)",4.0,0.0,52.80898876404495,1000000000.0,52.80898876404495,52.80898876404495
-1e+18,,,,,,,
-1e+18,,,,,,,
-1e+18,,,,,,,
-1e+18,,,,,,,
-1e+18,,,,,,,
-1e+18,,,,,,,
-1e+18,,,,,,,
-1e+18,,,,,,,
-1e+18,,,,,,,
-1e+18,,,,,,,
-1e+18,,,,,,,
-1e+18,,,,,,,
-1e+18,,,,,,,
-1e+18,,,,,,,
-1e+18,,,,,,,
-1e+18,,,,,,,
-1e+18,,,,,,,
-1e+18,,,,,,,
-1e+18,,,,,,,
-1e+18,,,,,,,
-1e+18,,,,,,,
-1e+18,,,,,,,
-1e+18,,,,,,,
-1e+18,,,,,,,
-1e+18,,,,,,,
-1e+18,,,,,,,
-1e+18,,,,,,,
-1e+18,,,,,,,
-1e+18,,,,,,,
-1e+18,,,,,,,
-1e+18,,,,,,,
-49999857.66064955,"(3, 4, 8, 3, 3)",9.0,0.0,45.50561797752809,1000000000.0,45.50561797752809,45.50561797752809
-1e+18,,,,,,,
-1e+18,,,,,,,
-1e+18,,,,,,,
-1e+18,,,,,,,
-1e+18,,,,,,,
-1e+18,,,,,,,
-1e+18,,,,,,,
-1e+18,,,,,,,
-49999868.53800903,"(5, 6, 6, 3, 3)",9.0,0.0,41.01123595505618,1000000000.0,41.01123595505618,41.01123595505618
-1e+18,,,,,,,
-1e+18,,,,,,,
-1e+18,,,,,,,
-1e+18,,,,,,,
-1e+18,,,,,,,
-1e+18,,,,,,,
-1e+18,,,,,,,
-1e+18,,,,,,,
-1e+18,,,,,,,
-1e+18,,,,,,,
-1e+18,,,,,,,
-1e+18,,,,,,,
-1e+18,,,,,,,
-1e+18,,,,,,,
-1e+18,,,,,,,
-1e+18,,,,,,,
-1e+18,,,,,,,
-1e+18,,,,,,,
-1e+18,,,,,,,
-1e+18,,,,,,,
-1e+18,,,,,,,
-1e+18,,,,,,,
-1e+18,,,,,,,
-49999873.614175,"(4, 4, 6, 3, 6)",5.0,0.0,39.325842696629216,1000000000.0,39.325842696629216,39.325842696629216
-1e+18,,,,,,,
-1e+18,,,,,,,
-1e+18,,,,,,,
-1e+18,,,,,,,
-1e+18,,,,,,,
-1e+18,,,,,,,
-1e+18,,,,,,,
-1e+18,,,,,,,
-1e+18,,,,,,,
-1e+18,,,,,,,
-1e+18,,,,,,,
-1e+18,,,,,,,
-1e+18,,,,,,,
-1e+18,,,,,,,
-1e+18,,,,,,,
-1e+18,,,,,,,
-1e+18,,,,,,,
-49999851.6598225,"(3, 7, 3, 4, 3)",3.0,0.0,47.19101123595506,1000000000.0,47.19101123595506,47.19101123595506
-1e+18,,,,,,,
-1e+18,,,,,,,
-1e+18,,,,,,,
-1e+18,,,,,,,
-1e+18,,,,,,,
-1e+18,,,,,,,
-1e+18,,,,,,,
-1e+18,,,,,,,
-1e+18,,,,,,,
-49999846.694866724,"(3, 4, 7, 4, 3)",3.0,0.0,49.438202247191015,1000000000.0,49.438202247191015,49.438202247191015
-1e+18,,,,,,,
-1e+18,,,,,,,
-1e+18,,,,,,,
-1e+18,,,,,,,
-1e+18,,,,,,,
-1e+18,,,,,,,
-1e+18,,,,,,,
-1e+18,,,,,,,
-1e+18,,,,,,,
-1e+18,,,,,,,
-1e+18,,,,,,,
-1e+18,,,,,,,
-1e+18,,,,,,,
-1e+18,,,,,,,
-1e+18,,,,,,,
-1e+18,,,,,,,
-1e+18,,,,,,,
-1e+18,,,,,,,
-1e+18,,,,,,,
-1e+18,,,,,,,
-49999845.81595734,"(5, 5, 3, 3, 4)",3.0,0.0,50.0,1000000000.0,50.0,50.0
-1e+18,,,,,,,
-1e+18,,,,,,,
-1e+18,,,,,,,
-1e+18,,,,,,,
-1e+18,,,,,,,
-1e+18,,,,,,,
-1e+18,,,,,,,
-1e+18,,,,,,,
-1e+18,,,,,,,
-1e+18,,,,,,,
-1e+18,,,,,,,
-1e+18,,,,,,,
-49999866.240570486,"(5, 3, 4, 4, 7)",3.0,0.0,42.13483146067416,1000000000.0,42.13483146067416,42.13483146067416
-1e+18,,,,,,,
-1e+18,,,,,,,
-1e+18,,,,,,,
-1e+18,,,,,,,
-1e+18,,,,,,,
-1e+18,,,,,,,
-1e+18,,,,,,,
-1e+18,,,,,,,
-1e+18,,,,,,,
-1e+18,,,,,,,
-1e+18,,,,,,,
-1e+18,,,,,,,
-1e+18,,,,,,,
-1e+18,,,,,,,
-1e+18,,,,,,,
-1e+18,,,,,,,
-1e+18,,,,,,,
-1e+18,,,,,,,
-1e+18,,,,,,,
-1e+18,,,,,,,
-1e+18,,,,,,,
-1e+18,,,,,,,
-1e+18,,,,,,,
-1e+18,,,,,,,
-1e+18,,,,,,,
-49999866.42689309,"(3, 5, 3, 6, 4)",6.0,0.0,42.13483146067416,1000000000.0,42.13483146067416,42.13483146067416
-1e+18,,,,,,,
-1e+18,,,,,,,
-1e+18,,,,,,,
-49999866.00149867,"(6, 3, 4, 4, 5)",9.0,0.0,42.13483146067416,1000000000.0,42.13483146067416,42.13483146067416
-1e+18,,,,,,,
-1e+18,,,,,,,
-1e+18,,,,,,,
-1e+18,,,,,,,
-1e+18,,,,,,,
-1e+18,,,,,,,
-1e+18,,,,,,,
-1e+18,,,,,,,
-1e+18,,,,,,,
-1e+18,,,,,,,
-1e+18,,,,,,,
-1e+18,,,,,,,
-1e+18,,,,,,,
-1e+18,,,,,,,
-1e+18,,,,,,,
-1e+18,,,,,,,
-1e+18,,,,,,,
-1e+18,,,,,,,
-1e+18,,,,,,,
-1e+18,,,,,,,
-1e+18,,,,,,,
-1e+18,,,,,,,
-1e+18,,,,,,,
-1e+18,,,,,,,
-1e+18,,,,,,,
-1e+18,,,,,,,
-1e+18,,,,,,,
-1e+18,,,,,,,
-1e+18,,,,,,,
-1e+18,,,,,,,
-1e+18,,,,,,,
-1e+18,,,,,,,
-49999835.77212673,"(3, 5, 5, 3, 3)",6.0,0.0,53.37078651685393,1000000000.0,53.37078651685393,53.37078651685393
-1e+18,,,,,,,
-1e+18,,,,,,,
-1e+18,,,,,,,
-1e+18,,,,,,,
-1e+18,,,,,,,
-1e+18,,,,,,,
-1e+18,,,,,,,
-1e+18,,,,,,,
-1e+18,,,,,,,
-1e+18,,,,,,,
-1e+18,,,,,,,
-1e+18,,,,,,,
-1e+18,,,,,,,
-1e+18,,,,,,,
-1e+18,,,,,,,
-1e+18,,,,,,,
-1e+18,,,,,,,
-1e+18,,,,,,,
-49999863.04641617,"(3, 3, 8, 3, 4)",6.0,0.0,43.258426966292134,1000000000.0,43.258426966292134,43.258426966292134
-1e+18,,,,,,,
-1e+18,,,,,,,
-1e+18,,,,,,,
-1e+18,,,,,,,
-1e+18,,,,,,,
-1e+18,,,,,,,
-1e+18,,,,,,,
-1e+18,,,,,,,
-1e+18,,,,,,,
-1e+18,,,,,,,
-1e+18,,,,,,,
-1e+18,,,,,,,
-1e+18,,,,,,,
-1e+18,,,,,,,
-1e+18,,,,,,,
-1e+18,,,,,,,
-1e+18,,,,,,,
-1e+18,,,,,,,
-1e+18,,,,,,,
-1e+18,,,,,,,
-1e+18,,,,,,,
-1e+18,,,,,,,
-1e+18,,,,,,,
-1e+18,,,,,,,
-1e+18,,,,,,,
-1e+18,,,,,,,
-1e+18,,,,,,,
-1e+18,,,,,,,
-1e+18,,,,,,,
-1e+18,,,,,,,
-1e+18,,,,,,,
-1e+18,,,,,,,
-1e+18,,,,,,,
-1e+18,,,,,,,
-1e+18,,,,,,,
-1e+18,,,,,,,
-1e+18,,,,,,,
-1e+18,,,,,,,
-1e+18,,,,,,,
-1e+18,,,,,,,
-1e+18,,,,,,,
-1e+18,,,,,,,
-1e+18,,,,,,,
-1e+18,,,,,,,
-1e+18,,,,,,,
-1e+18,,,,,,,
-1e+18,,,,,,,
-1e+18,,,,,,,
-1e+18,,,,,,,
-1e+18,,,,,,,
-1e+18,,,,,,,
-49999850.65959504,"(4, 4, 4, 4, 5)",3.0,0.0,47.752808988764045,1000000000.0,47.752808988764045,47.752808988764045
-1e+18,,,,,,,
-1e+18,,,,,,,
-1e+18,,,,,,,
-1e+18,,,,,,,
-1e+18,,,,,,,
-1e+18,,,,,,,
-1e+18,,,,,,,
-1e+18,,,,,,,
-1e+18,,,,,,,
-1e+18,,,,,,,
-1e+18,,,,,,,
-1e+18,,,,,,,
-1e+18,,,,,,,
-1e+18,,,,,,,
-1e+18,,,,,,,
-1e+18,,,,,,,
-1e+18,,,,,,,
-1e+18,,,,,,,
-1e+18,,,,,,,
-1e+18,,,,,,,
-49999872.020863324,"(4, 5, 3, 8, 3)",6.0,0.0,39.8876404494382,1000000000.0,39.8876404494382,39.8876404494382
-1e+18,,,,,,,
-49999873.614175,"(4, 4, 6, 3, 7)",5.0,0.0,39.325842696629216,1000000000.0,39.325842696629216,39.325842696629216
-1e+18,,,,,,,
-1e+18,,,,,,,
-1e+18,,,,,,,
-1e+18,,,,,,,
-1e+18,,,,,,,
-49999861.49266616,"(6, 5, 3, 4, 3)",8.0,0.0,44.38202247191011,1000000000.0,44.38202247191011,44.38202247191011
-1e+18,,,,,,,
-1e+18,,,,,,,
-1e+18,,,,,,,
-1e+18,,,,,,,
-1e+18,,,,,,,
-1e+18,,,,,,,
-1e+18,,,,,,,
-1e+18,,,,,,,
-1e+18,,,,,,,
-1e+18,,,,,,,
-1e+18,,,,,,,
-1e+18,,,,,,,
-1e+18,,,,,,,
-1e+18,,,,,,,
-1e+18,,,,,,,
-1e+18,,,,,,,
-1e+18,,,,,,,
-1e+18,,,,,,,
-1e+18,,,,,,,
-1e+18,,,,,,,
-1e+18,,,,,,,
-1e+18,,,,,,,
-1e+18,,,,,,,
-1e+18,,,,,,,
-1e+18,,,,,,,
-1e+18,,,,,,,
-1e+18,,,,,,,
-1e+18,,,,,,,
-1e+18,,,,,,,
-1e+18,,,,,,,
-1e+18,,,,,,,
-1e+18,,,,,,,
-1e+18,,,,,,,
-1e+18,,,,,,,
-1e+18,,,,,,,
-1e+18,,,,,,,
-1e+18,,,,,,,
-1e+18,,,,,,,
-1e+18,,,,,,,
-1e+18,,,,,,,
-1e+18,,,,,,,
-1e+18,,,,,,,
-1e+18,,,,,,,
-1e+18,,,,,,,
-1e+18,,,,,,,
-1e+18,,,,,,,
-1e+18,,,,,,,
-1e+18,,,,,,,
-1e+18,,,,,,,
-1e+18,,,,,,,
-1e+18,,,,,,,
-49999872.114892095,"(4, 3, 9, 4, 4)",7.0,0.0,39.8876404494382,1000000000.0,39.8876404494382,39.8876404494382
-1e+18,,,,,,,
-1e+18,,,,,,,
-1e+18,,,,,,,
-49999860.2759332,"(5, 4, 3, 4, 7)",7.0,0.0,44.38202247191011,1000000000.0,44.38202247191011,44.38202247191011
-1e+18,,,,,,,
-1e+18,,,,,,,
-1e+18,,,,,,,
-1e+18,,,,,,,
-1e+18,,,,,,,
-1e+18,,,,,,,
-1e+18,,,,,,,
-1e+18,,,,,,,
-1e+18,,,,,,,
-1e+18,,,,,,,
-1e+18,,,,,,,
-1e+18,,,,,,,
-1e+18,,,,,,,
-1e+18,,,,,,,
-1e+18,,,,,,,
-1e+18,,,,,,,
-1e+18,,,,,,,
-49999871.15086461,"(6, 3, 3, 6, 4)",5.0,0.0,40.449438202247194,1000000000.0,40.449438202247194,40.449438202247194
-1e+18,,,,,,,
-1e+18,,,,,,,
-1e+18,,,,,,,
-1e+18,,,,,,,
-1e+18,,,,,,,
-1e+18,,,,,,,
-1e+18,,,,,,,
-1e+18,,,,,,,
-1e+18,,,,,,,
-1e+18,,,,,,,
-1e+18,,,,,,,
-1e+18,,,,,,,
-49999850.98467089,"(5, 4, 4, 3, 4)",9.0,0.0,47.752808988764045,1000000000.0,47.752808988764045,47.752808988764045
-1e+18,,,,,,,
-1e+18,,,,,,,
-1e+18,,,,,,,
-1e+18,,,,,,,
-1e+18,,,,,,,
-1e+18,,,,,,,
-1e+18,,,,,,,
-1e+18,,,,,,,
-1e+18,,,,,,,
-1e+18,,,,,,,
-1e+18,,,,,,,
-1e+18,,,,,,,
-1e+18,,,,,,,
-1e+18,,,,,,,
-49999860.687765606,"(5, 4, 6, 4, 3)",7.0,0.0,44.38202247191011,1000000000.0,44.38202247191011,44.38202247191011
-1e+18,,,,,,,
-1e+18,,,,,,,
-1e+18,,,,,,,
-1e+18,,,,,,,
-1e+18,,,,,,,
-1e+18,,,,,,,
-1e+18,,,,,,,
-1e+18,,,,,,,
-1e+18,,,,,,,
-1e+18,,,,,,,
-1e+18,,,,,,,
-1e+18,,,,,,,
-1e+18,,,,,,,
-1e+18,,,,,,,
-49999860.2759332,"(5, 4, 3, 4, 7)",4.0,0.0,44.38202247191011,1000000000.0,44.38202247191011,44.38202247191011
-1e+18,,,,,,,
-1e+18,,,,,,,
-1e+18,,,,,,,
-1e+18,,,,,,,
-1e+18,,,,,,,
-1e+18,,,,,,,
-49999820.90084705,"(3, 3, 3, 3, 6)",6.0,0.0,58.98876404494382,1000000000.0,58.98876404494382,58.98876404494382
-49999826.92068231,"(3, 3, 6, 4, 3)",6.0,0.0,56.741573033707866,1000000000.0,56.741573033707866,56.741573033707866
-49999817.341594726,"(4, 4, 6, 3, 3)",9.0,0.0,58.98876404494382,1000000000.0,58.98876404494382,58.98876404494382
-1e+18,,,,,,,
-1e+18,,,,,,,
-1e+18,,,,,,,
-1e+18,,,,,,,
-1e+18,,,,,,,
-1e+18,,,,,,,
-1e+18,,,,,,,
-1e+18,,,,,,,
-49999864.90932687,"(3, 4, 6, 3, 7)",9.0,0.0,42.69662921348315,1000000000.0,42.69662921348315,42.69662921348315
-1e+18,,,,,,,
-1e+18,,,,,,,
-1e+18,,,,,,,
-1e+18,,,,,,,
-1e+18,,,,,,,
